Time(sec),CH1,CH2,CH3,CH4,Wavelength
0.199997,1,0,0,0,1523.66538
0.399995,1,0,0,0,1523.66349
0.599993,1,0,0,0,1523.66349
0.799991,1,0,0,0,1523.66726
0.999989,1,0,0,0,1523.66726
1.199987,1,0,0,0,1523.66368
1.399985,1,0,0,0,1523.66368
1.599983,1,0,0,0,1523.66368
1.799981,1,0,0,0,1523.66368
1.999979,1,0,0,0,1523.66368
2.199977,1,0,0,0,1523.66349
2.399974,1,0,0,0,1523.66726
2.599972,1,0,0,0,1523.66556
2.79997,1,0,0,0,1523.66537
2.999968,1,0,0,0,1523.66537
3.199966,1,0,0,0,1523.66537
3.399964,1,0,0,0,1523.66556
3.599962,1,0,0,0,1523.66367
3.79996,1,0,0,0,1523.66556
3.999958,1,0,0,0,1523.66556
4.199956,1,0,0,0,1523.66367
4.399954,1,0,0,0,1523.66537
4.599951,1,0,0,0,1523.66726
4.799949,1,0,0,0,1523.66556
4.999947,1,0,0,0,1523.66556
5.199945,1,0,0,0,1523.66537
5.399943,1,0,0,0,1523.66556
5.599941,1,0,0,0,1523.66367
5.799939,1,0,0,0,1523.66556
5.999937,1,0,0,0,1523.66349
6.199935,1,0,0,0,1523.66349
6.399932,1,0,0,0,1523.66537
6.599931,1,0,0,0,1523.66368
6.799928,1,0,0,0,1523.66537
6.999926,1,0,0,0,1523.66349
7.199924,1,0,0,0,1523.66368
7.399922,1,0,0,0,1523.66556
7.59992,1,0,0,0,1523.66556
7.799918,1,0,0,0,1523.66348
7.999916,1,0,0,0,1523.66367
8.199914,1,0,0,0,1523.66537
8.399912,1,0,0,0,1523.66556
8.59991,1,0,0,0,1523.66556
8.799907,1,0,0,0,1523.66556
8.999905,1,0,0,0,1523.66556
9.199903,1,0,0,0,1523.66367
9.399901,1,0,0,0,1523.66367
9.599899,1,0,0,0,1523.66367
9.799897,1,0,0,0,1523.66556
9.999895,1,0,0,0,1523.66556
10.199893,1,0,0,0,1523.66556
10.399891,1,0,0,0,1523.66367
10.599889,1,0,0,0,1523.66537
10.799886,1,0,0,0,1523.66367
10.999884,1,0,0,0,1523.66556
11.199882,1,0,0,0,1523.66726
11.39988,1,0,0,0,1523.66348
11.599878,1,0,0,0,1523.66556
11.799876,1,0,0,0,1523.66726
11.999874,1,0,0,0,1523.66556
12.199872,1,0,0,0,1523.66556
12.39987,1,0,0,0,1523.66556
12.599868,1,0,0,0,1523.66556
12.799865,1,0,0,0,1523.66537
12.999863,1,0,0,0,1523.66556
13.199861,1,0,0,0,1523.66537
13.399859,1,0,0,0,1523.66367
13.599857,1,0,0,0,1523.66367
13.799855,1,0,0,0,1523.66556
13.999853,1,0,0,0,1523.66726
14.199851,1,0,0,0,1523.66556
14.399849,1,0,0,0,1523.66726
14.599847,1,0,0,0,1523.66537
14.799845,1,0,0,0,1523.66537
14.999843,1,0,0,0,1523.66367
15.19984,1,0,0,0,1523.66367
15.399838,1,0,0,0,1523.66556
15.599836,1,0,0,0,1523.66726
15.799834,1,0,0,0,1523.66556
15.999832,1,0,0,0,1523.66726
16.19983,1,0,0,0,1523.66726
16.399828,1,0,0,0,1523.66726
16.599826,1,0,0,0,1523.66367
16.799824,1,0,0,0,1523.66556
16.999822,1,0,0,0,1523.66537
17.19982,1,0,0,0,1523.66556
17.399817,1,0,0,0,1523.66537
17.599815,1,0,0,0,1523.66178
17.799813,1,0,0,0,1523.66367
17.999811,1,0,0,0,1523.66537
18.199809,1,0,0,0,1523.66537
18.399807,1,0,0,0,1523.66725
18.599805,1,0,0,0,1523.66348
18.799803,1,0,0,0,1523.66556
18.999801,1,0,0,0,1523.66348
19.199799,1,0,0,0,1523.66386
19.399796,1,0,0,0,1523.66537
19.599794,1,0,0,0,1523.66537
19.799792,1,0,0,0,1523.66537
19.99979,1,0,0,0,1523.66537
20.199788,1,0,0,0,1523.66367
20.399786,1,0,0,0,1523.66367
20.599784,1,0,0,0,1523.66367
20.799782,1,0,0,0,1523.66726
20.99978,1,0,0,0,1523.66367
21.199778,1,0,0,0,1523.66537
21.399776,1,0,0,0,1523.66367
21.599773,1,0,0,0,1523.66556
21.799771,1,0,0,0,1523.66367
21.999769,1,0,0,0,1523.66726
22.199767,1,0,0,0,1523.66367
22.399765,1,0,0,0,1523.66367
22.599763,1,0,0,0,1523.66537
22.799761,1,0,0,0,1523.66348
22.999759,1,0,0,0,1523.66348
23.199757,1,0,0,0,1523.66556
23.399755,1,0,0,0,1523.66556
23.599753,1,0,0,0,1523.66348
23.799751,1,0,0,0,1523.66367
23.999748,1,0,0,0,1523.66367
24.199746,1,0,0,0,1523.66348
24.399744,1,0,0,0,1523.66178
24.599742,1,0,0,0,1523.66367
24.79974,1,0,0,0,1523.66178
24.999738,1,0,0,0,1523.66178
25.199736,1,0,0,0,1523.66178
25.399734,1,0,0,0,1523.66367
25.599731,1,0,0,0,1523.66178
25.79973,1,0,0,0,1523.66008
25.999727,1,0,0,0,1523.66367
26.199725,1,0,0,0,1523.66178
26.399723,1,0,0,0,1523.66178
26.599721,1,0,0,0,1523.66178
26.799719,1,0,0,0,1523.66556
26.999717,1,0,0,0,1523.66178
27.199715,1,0,0,0,1523.66367
27.399713,1,0,0,0,1523.66348
27.59971,1,0,0,0,1523.66367
27.799708,1,0,0,0,1523.66367
27.999707,1,0,0,0,1523.66178
28.199704,1,0,0,0,1523.66537
28.399702,1,0,0,0,1523.6599
28.5997,1,0,0,0,1523.66348
28.799698,1,0,0,0,1523.66556
28.999696,1,0,0,0,1523.66367
29.199694,1,0,0,0,1523.66348
29.399692,1,0,0,0,1523.66348
29.59969,1,0,0,0,1523.66178
29.799688,1,0,0,0,1523.6616
29.999686,1,0,0,0,1523.66348
30.199683,1,0,0,0,1523.66178
30.399681,1,0,0,0,1523.66178
30.599679,1,0,0,0,1523.66178
30.799677,1,0,0,0,1523.6616
30.999675,1,0,0,0,1523.66178
31.199673,1,0,0,0,1523.66009
31.399671,1,0,0,0,1523.66179
31.599669,1,0,0,0,1523.6599
31.799667,1,0,0,0,1523.66179
31.999665,1,0,0,0,1523.66179
32.199662,1,0,0,0,1523.66179
32.39966,1,0,0,0,1523.66179
32.599658,1,0,0,0,1523.66368
32.799656,1,0,0,0,1523.66368
32.999654,1,0,0,0,1523.66179
33.199652,1,0,0,0,1523.6599
33.39965,1,0,0,0,1523.66179
33.599648,1,0,0,0,1523.6599
33.799646,1,0,0,0,1523.6599
33.999644,1,0,0,0,1523.66179
34.199641,1,0,0,0,1523.66179
34.39964,1,0,0,0,1523.66179
34.599637,1,0,0,0,1523.66179
34.799635,1,0,0,0,1523.66368
34.999633,1,0,0,0,1523.66179
35.199631,1,0,0,0,1523.66179
35.399629,1,0,0,0,1523.66538
35.599627,1,0,0,0,1523.66179
35.799625,1,0,0,0,1523.66179
35.999623,1,0,0,0,1523.6599
36.199621,1,0,0,0,1523.6582
36.399619,1,0,0,0,1523.6599
36.599617,1,0,0,0,1523.6599
36.799614,1,0,0,0,1523.66179
36.999612,1,0,0,0,1523.66179
37.19961,1,0,0,0,1523.6599
37.399608,1,0,0,0,1523.6616
37.599606,1,0,0,0,1523.66179
37.799604,1,0,0,0,1523.66179
37.999602,1,0,0,0,1523.66179
38.1996,1,0,0,0,1523.66179
38.399598,1,0,0,0,1523.66349
38.599596,1,0,0,0,1523.66179
38.799593,1,0,0,0,1523.66349
38.999591,1,0,0,0,1523.66349
39.199589,1,0,0,0,1523.66179
39.399587,1,0,0,0,1523.6599
39.599585,1,0,0,0,1523.6599
39.799583,1,0,0,0,1523.66179
39.999581,1,0,0,0,1523.66179
40.199579,1,0,0,0,1523.66368
40.399577,1,0,0,0,1523.66179
40.599575,1,0,0,0,1523.66179
40.799572,1,0,0,0,1523.6599
40.99957,1,0,0,0,1523.66179
41.199568,1,0,0,0,1523.66179
41.399566,1,0,0,0,1523.66009
41.599564,1,0,0,0,1523.6599
41.799562,1,0,0,0,1523.66179
41.99956,1,0,0,0,1523.66179
42.199558,1,0,0,0,1523.66179
42.399556,1,0,0,0,1523.6599
42.599554,1,0,0,0,1523.66349
42.799552,1,0,0,0,1523.6599
42.999549,1,0,0,0,1523.6599
43.199547,1,0,0,0,1523.6599
43.399545,1,0,0,0,1523.6599
43.599543,1,0,0,0,1523.6599
43.799541,1,0,0,0,1523.66179
43.999539,1,0,0,0,1523.66368
44.199537,1,0,0,0,1523.6599
44.399535,1,0,0,0,1523.66179
44.599533,1,0,0,0,1523.66179
44.799531,1,0,0,0,1523.66179
44.999528,1,0,0,0,1523.66179
45.199527,1,0,0,0,1523.66179
45.399524,1,0,0,0,1523.66009
45.599522,1,0,0,0,1523.66179
45.79952,1,0,0,0,1523.66179
45.999518,1,0,0,0,1523.6599
46.199516,1,0,0,0,1523.6599
46.399514,1,0,0,0,1523.66009
46.599512,1,0,0,0,1523.66179
46.79951,1,0,0,0,1523.6599
46.999507,1,0,0,0,1523.66179
47.199506,1,0,0,0,1523.66179
47.399503,1,0,0,0,1523.66179
47.599501,1,0,0,0,1523.6599
47.799499,1,0,0,0,1523.66179
47.999497,1,0,0,0,1523.6599
48.199495,1,0,0,0,1523.66179
48.399493,1,0,0,0,1523.66368
48.599491,1,0,0,0,1523.66179
48.799489,1,0,0,0,1523.6599
48.999487,1,0,0,0,1523.66179
49.199485,1,0,0,0,1523.6599
49.399482,1,0,0,0,1523.66349
49.59948,1,0,0,0,1523.66179
49.799478,1,0,0,0,1523.66349
49.999476,1,0,0,0,1523.6599
50.199474,1,0,0,0,1523.66349
50.399472,1,0,0,0,1523.66368
50.59947,1,0,0,0,1523.66179
50.799468,1,0,0,0,1523.6599
50.999466,1,0,0,0,1523.66179
51.199464,1,0,0,0,1523.66179
51.399462,1,0,0,0,1523.6599
51.599459,1,0,0,0,1523.66179
51.799457,1,0,0,0,1523.66009
51.999455,1,0,0,0,1523.66179
52.199453,1,0,0,0,1523.66368
52.399451,1,0,0,0,1523.66179
52.599449,1,0,0,0,1523.66179
52.799447,1,0,0,0,1523.6599
52.999445,1,0,0,0,1523.6599
53.199443,1,0,0,0,1523.66537
53.399441,1,0,0,0,1523.66348
53.599439,1,0,0,0,1523.66179
53.799436,1,0,0,0,1523.66348
53.999434,1,0,0,0,1523.66348
54.199432,1,0,0,0,1523.66537
54.39943,1,0,0,0,1523.66349
54.599428,1,0,0,0,1523.66368
54.799426,1,0,0,0,1523.66368
54.999424,1,0,0,0,1523.66368
55.199422,1,0,0,0,1523.66179
55.39942,1,0,0,0,1523.66349
55.599418,1,0,0,0,1523.66179
55.799416,1,0,0,0,1523.66179
55.999413,1,0,0,0,1523.66009
56.199412,1,0,0,0,1523.66179
56.399409,1,0,0,0,1523.66368
56.599407,1,0,0,0,1523.6616
56.799405,1,0,0,0,1523.66179
56.999403,1,0,0,0,1523.66349
57.199401,1,0,0,0,1523.66009
57.399399,1,0,0,0,1523.66179
57.599397,1,0,0,0,1523.66009
57.799395,1,0,0,0,1523.66368
57.999393,1,0,0,0,1523.66349
58.19939,1,0,0,0,1523.6599
58.399388,1,0,0,0,1523.66349
58.599386,1,0,0,0,1523.6599
58.799384,1,0,0,0,1523.6599
58.999382,1,0,0,0,1523.66179
59.19938,1,0,0,0,1523.66179
59.399378,1,0,0,0,1523.66367
59.599376,1,0,0,0,1523.66179
59.799374,1,0,0,0,1523.66348
59.999372,1,0,0,0,1523.66179
60.199369,1,0,0,0,1523.6616
60.399368,1,0,0,0,1523.66179
60.599365,1,0,0,0,1523.6616
60.799363,1,0,0,0,1523.6599
60.999361,1,0,0,0,1523.66179
61.199359,1,0,0,0,1523.66179
61.399357,1,0,0,0,1523.66179
61.599355,1,0,0,0,1523.66367
61.799353,1,0,0,0,1523.66179
61.999351,1,0,0,0,1523.6616
62.199348,1,0,0,0,1523.66179
62.399347,1,0,0,0,1523.66179
62.599344,1,0,0,0,1523.66179
62.799342,1,0,0,0,1523.6616
62.99934,1,0,0,0,1523.66367
63.199338,1,0,0,0,1523.66367
63.399336,1,0,0,0,1523.66348
63.599334,1,0,0,0,1523.66348
63.799332,1,0,0,0,1523.66179
63.99933,1,0,0,0,1523.66179
64.199328,1,0,0,0,1523.66348
64.399325,1,0,0,0,1523.66178
64.599324,1,0,0,0,1523.66367
64.799321,1,0,0,0,1523.66348
64.999319,1,0,0,0,1523.66537
65.199317,1,0,0,0,1523.66178
65.399315,1,0,0,0,1523.66348
65.599313,1,0,0,0,1523.66178
65.799311,1,0,0,0,1523.66178
65.999309,1,0,0,0,1523.66348
66.199307,1,0,0,0,1523.66348
66.399305,1,0,0,0,1523.66367
66.599303,1,0,0,0,1523.66367
66.7993,1,0,0,0,1523.66367
66.999298,1,0,0,0,1523.66348
67.199296,1,0,0,0,1523.66348
67.399294,1,0,0,0,1523.66367
67.599292,1,0,0,0,1523.66348
67.79929,1,0,0,0,1523.66178
67.999288,1,0,0,0,1523.66348
68.199286,1,0,0,0,1523.66367
68.399284,1,0,0,0,1523.66178
68.599282,1,0,0,0,1523.66178
68.79928,1,0,0,0,1523.66348
68.999277,1,0,0,0,1523.66178
69.199275,1,0,0,0,1523.66178
69.399273,1,0,0,0,1523.65989
69.599271,1,0,0,0,1523.66178
69.799269,1,0,0,0,1523.65989
69.999267,1,0,0,0,1523.65989
70.199265,1,0,0,0,1523.66178
70.399263,1,0,0,0,1523.66178
70.599261,1,0,0,0,1523.66178
70.799259,1,0,0,0,1523.66178
70.999257,1,0,0,0,1523.65989
71.199255,1,0,0,0,1523.66178
71.399252,1,0,0,0,1523.66178
71.59925,1,0,0,0,1523.66348
71.799248,1,0,0,0,1523.66008
71.999246,1,0,0,0,1523.66367
72.199244,1,0,0,0,1523.66348
72.399242,1,0,0,0,1523.66178
72.59924,1,0,0,0,1523.66159
72.799238,1,0,0,0,1523.66178
72.999236,1,0,0,0,1523.66178
73.199234,1,0,0,0,1523.66348
73.399231,1,0,0,0,1523.66178
73.599229,1,0,0,0,1523.66367
73.799227,1,0,0,0,1523.66348
73.999225,1,0,0,0,1523.66178
74.199223,1,0,0,0,1523.66537
74.399221,1,0,0,0,1523.66367
74.599219,1,0,0,0,1523.66178
74.799217,1,0,0,0,1523.66367
74.999215,1,0,0,0,1523.66178
75.199213,1,0,0,0,1523.66348
75.39921,1,0,0,0,1523.66348
75.599209,1,0,0,0,1523.66178
75.799206,1,0,0,0,1523.66367
75.999204,1,0,0,0,1523.66348
76.199202,1,0,0,0,1523.66178
76.3992,1,0,0,0,1523.66178
76.599198,1,0,0,0,1523.66537
76.799196,1,0,0,0,1523.66367
76.999194,1,0,0,0,1523.66367
77.199192,1,0,0,0,1523.66348
77.399189,1,0,0,0,1523.66367
77.599188,1,0,0,0,1523.66178
77.799186,1,0,0,0,1523.66537
77.999183,1,0,0,0,1523.66555
78.199181,1,0,0,0,1523.66367
78.399179,1,0,0,0,1523.66367
78.599177,1,0,0,0,1523.66367
78.799175,1,0,0,0,1523.66367
78.999173,1,0,0,0,1523.66348
79.199171,1,0,0,0,1523.66537
79.399169,1,0,0,0,1523.66556
79.599167,1,0,0,0,1523.66367
79.799165,1,0,0,0,1523.66348
79.999162,1,0,0,0,1523.66367
80.19916,1,0,0,0,1523.66348
80.399158,1,0,0,0,1523.66367
80.599156,1,0,0,0,1523.66178
80.799154,1,0,0,0,1523.66348
80.999152,1,0,0,0,1523.66178
81.19915,1,0,0,0,1523.66178
81.399148,1,0,0,0,1523.66348
81.599146,1,0,0,0,1523.66178
81.799144,1,0,0,0,1523.66367
81.999142,1,0,0,0,1523.66178
82.199139,1,0,0,0,1523.65989
82.399137,1,0,0,0,1523.66348
82.599135,1,0,0,0,1523.66348
82.799133,1,0,0,0,1523.66348
82.999131,1,0,0,0,1523.66347
83.199129,1,0,0,0,1523.66178
83.399127,1,0,0,0,1523.66347
83.599125,1,0,0,0,1523.66178
83.799123,1,0,0,0,1523.66178
83.999121,1,0,0,0,1523.66178
84.199118,1,0,0,0,1523.66348
84.399116,1,0,0,0,1523.66348
84.599114,1,0,0,0,1523.66178
84.799112,1,0,0,0,1523.66348
84.99911,1,0,0,0,1523.66367
85.199108,1,0,0,0,1523.66348
85.399106,1,0,0,0,1523.66178
85.599104,1,0,0,0,1523.66348
85.799102,1,0,0,0,1523.66348
85.9991,1,0,0,0,1523.66178
86.199097,1,0,0,0,1523.66178
86.399095,1,0,0,0,1523.66367
86.599093,1,0,0,0,1523.66348
86.799091,1,0,0,0,1523.66348
86.999089,1,0,0,0,1523.66555
87.199087,1,0,0,0,1523.66367
87.399085,1,0,0,0,1523.66348
87.599083,1,0,0,0,1523.66178
87.799081,1,0,0,0,1523.66725
87.999079,1,0,0,0,1523.66537
88.199077,1,0,0,0,1523.66178
88.399075,1,0,0,0,1523.66537
88.599072,1,0,0,0,1523.66348
88.79907,1,0,0,0,1523.66348
88.999068,1,0,0,0,1523.66348
89.199066,1,0,0,0,1523.66348
89.399064,1,0,0,0,1523.66348
89.599062,1,0,0,0,1523.66537
89.79906,1,0,0,0,1523.66367
89.999058,1,0,0,0,1523.66348
90.199056,1,0,0,0,1523.66367
90.399054,1,0,0,0,1523.66367
90.599051,1,0,0,0,1523.66537
90.799049,1,0,0,0,1523.66556
90.999047,1,0,0,0,1523.66726
91.199045,1,0,0,0,1523.66178
91.399043,1,0,0,0,1523.66537
91.599041,1,0,0,0,1523.66367
91.799039,1,0,0,0,1523.66367
91.999037,1,0,0,0,1523.66537
92.199035,1,0,0,0,1523.66556
92.399033,1,0,0,0,1523.66707
92.599032,1,0,0,0,1523.66556
92.799028,1,0,0,0,1523.66367
92.999027,1,0,0,0,1523.66537
93.199024,1,0,0,0,1523.66537
93.399022,1,0,0,0,1523.66556
93.59902,1,0,0,0,1523.66556
93.799018,1,0,0,0,1523.66367
93.999016,1,0,0,0,1523.66556
94.199014,1,0,0,0,1523.66367
94.399012,1,0,0,0,1523.66367
94.59901,1,0,0,0,1523.66348
94.799008,1,0,0,0,1523.66367
94.999006,1,0,0,0,1523.66178
95.199003,1,0,0,0,1523.66348
95.399001,1,0,0,0,1523.66178
95.598999,1,0,0,0,1523.66348
95.798997,1,0,0,0,1523.66348
95.998995,1,0,0,0,1523.66367
96.198993,1,0,0,0,1523.66367
96.398991,1,0,0,0,1523.66348
96.598989,1,0,0,0,1523.66556
96.798987,1,0,0,0,1523.66367
96.998985,1,0,0,0,1523.66537
97.198982,1,0,0,0,1523.66348
97.39898,1,0,0,0,1523.66178
97.598978,1,0,0,0,1523.66556
97.798976,1,0,0,0,1523.66556
97.998974,1,0,0,0,1523.66556
98.198972,1,0,0,0,1523.66537
98.39897,1,0,0,0,1523.66367
98.598968,1,0,0,0,1523.66726
98.798966,1,0,0,0,1523.66537
98.998964,1,0,0,0,1523.66367
99.198961,1,0,0,0,1523.66367
99.398959,1,0,0,0,1523.66726
99.598957,1,0,0,0,1523.66726
99.798955,1,0,0,0,1523.66556
99.998953,1,0,0,0,1523.66556
100.198951,1,0,0,0,1523.66556
100.398949,1,0,0,0,1523.66556
100.598947,1,0,0,0,1523.66556
100.798945,1,0,0,0,1523.66725
100.998943,1,0,0,0,1523.66556
101.198941,1,0,0,0,1523.66537
101.398938,1,0,0,0,1523.66367
101.598936,1,0,0,0,1523.66556
101.798934,1,0,0,0,1523.66556
101.998932,1,0,0,0,1523.66726
102.19893,1,0,0,0,1523.66726
102.398928,1,0,0,0,1523.66367
102.598926,1,0,0,0,1523.66556
102.798924,1,0,0,0,1523.66537
102.998922,1,0,0,0,1523.66726
103.19892,1,0,0,0,1523.66556
103.398917,1,0,0,0,1523.66726
103.598916,1,0,0,0,1523.66726
103.798913,1,0,0,0,1523.66537
103.998911,1,0,0,0,1523.66537
104.198909,1,0,0,0,1523.66556
104.398907,1,0,0,0,1523.66726
104.598905,1,0,0,0,1523.66537
104.798903,1,0,0,0,1523.66556
104.998901,1,0,0,0,1523.66726
105.198899,1,0,0,0,1523.66537
105.398897,1,0,0,0,1523.66744
105.598895,1,0,0,0,1523.66726
105.798892,1,0,0,0,1523.66726
105.99889,1,0,0,0,1523.66726
106.198888,1,0,0,0,1523.66556
106.398886,1,0,0,0,1523.66726
106.598884,1,0,0,0,1523.66537
106.798882,1,0,0,0,1523.66726
106.99888,1,0,0,0,1523.66556
107.198878,1,0,0,0,1523.66556
107.398876,1,0,0,0,1523.66726
107.598874,1,0,0,0,1523.66896
107.798872,1,0,0,0,1523.66726
107.99887,1,0,0,0,1523.66556
108.198867,1,0,0,0,1523.66538
108.398865,1,0,0,0,1523.66726
108.598863,1,0,0,0,1523.66538
108.798861,1,0,0,0,1523.66556
108.998859,1,0,0,0,1523.66726
109.198857,1,0,0,0,1523.66727
109.398855,1,0,0,0,1523.66538
109.598853,1,0,0,0,1523.66349
109.798851,1,0,0,0,1523.66727
109.998848,1,0,0,0,1523.66727
110.198847,1,0,0,0,1523.66538
110.398844,1,0,0,0,1523.66727
110.598842,1,0,0,0,1523.66538
110.79884,1,0,0,0,1523.66349
110.998838,1,0,0,0,1523.66746
111.198836,1,0,0,0,1523.66746
111.398834,1,0,0,0,1523.66727
111.598832,1,0,0,0,1523.66727
111.79883,1,0,0,0,1523.66727
111.998828,1,0,0,0,1523.66727
112.198826,1,0,0,0,1523.66727
112.398823,1,0,0,0,1523.66727
112.598821,1,0,0,0,1523.66708
112.798819,1,0,0,0,1523.66557
112.998817,1,0,0,0,1523.66727
113.198815,1,0,0,0,1523.66558
113.398813,1,0,0,0,1523.66727
113.598811,1,0,0,0,1523.66369
113.798809,1,0,0,0,1523.66558
113.998807,1,0,0,0,1523.66727
114.198805,1,0,0,0,1523.66727
114.398803,1,0,0,0,1523.66916
114.5988,1,0,0,0,1523.66727
114.798798,1,0,0,0,1523.66727
114.998796,1,0,0,0,1523.66727
115.198794,1,0,0,0,1523.66746
115.398792,1,0,0,0,1523.66916
115.59879,1,0,0,0,1523.66897
115.798788,1,0,0,0,1523.66897
115.998786,1,0,0,0,1523.67086
116.198784,1,0,0,0,1523.66727
116.398782,1,0,0,0,1523.66746
116.598779,1,0,0,0,1523.66917
116.798777,1,0,0,0,1523.66917
116.998775,1,0,0,0,1523.66917
117.198773,1,0,0,0,1523.66897
117.398771,1,0,0,0,1523.66917
117.598769,1,0,0,0,1523.66898
117.798767,1,0,0,0,1523.66917
117.998765,1,0,0,0,1523.66917
118.198763,1,0,0,0,1523.66917
118.398761,1,0,0,0,1523.66728
118.598759,1,0,0,0,1523.66728
118.798757,1,0,0,0,1523.67105
118.998755,1,0,0,0,1523.66917
119.198752,1,0,0,0,1523.66728
119.39875,1,0,0,0,1523.66897
119.598748,1,0,0,0,1523.66917
119.798746,1,0,0,0,1523.66897
119.998744,1,0,0,0,1523.66917
120.198742,1,0,0,0,1523.66728
120.39874,1,0,0,0,1523.67086
120.598738,1,0,0,0,1523.66898
120.798736,1,0,0,0,1523.67105
120.998734,1,0,0,0,1523.66917
121.198731,1,0,0,0,1523.66728
121.398729,1,0,0,0,1523.67087
121.598727,1,0,0,0,1523.67087
121.798725,1,0,0,0,1523.66728
121.998723,1,0,0,0,1523.66917
122.198721,1,0,0,0,1523.66917
122.398719,1,0,0,0,1523.66728
122.598717,1,0,0,0,1523.66728
122.798715,1,0,0,0,1523.66728
122.998713,1,0,0,0,1523.66917
123.19871,1,0,0,0,1523.67086
123.398709,1,0,0,0,1523.66746
123.598706,1,0,0,0,1523.66728
123.798704,1,0,0,0,1523.66728
123.998702,1,0,0,0,1523.66917
124.1987,1,0,0,0,1523.66558
124.398698,1,0,0,0,1523.67105
124.598696,1,0,0,0,1523.66747
124.798694,1,0,0,0,1523.66728
124.998692,1,0,0,0,1523.66728
125.19869,1,0,0,0,1523.66917
125.398688,1,0,0,0,1523.66728
125.598686,1,0,0,0,1523.66898
125.798683,1,0,0,0,1523.66728
125.998681,1,0,0,0,1523.66917
126.198679,1,0,0,0,1523.66898
126.398677,1,0,0,0,1523.66917
126.598675,1,0,0,0,1523.66917
126.798673,1,0,0,0,1523.67087
126.998671,1,0,0,0,1523.66917
127.198669,1,0,0,0,1523.67087
127.398667,1,0,0,0,1523.66917
127.598665,1,0,0,0,1523.66728
127.798662,1,0,0,0,1523.66898
127.99866,1,0,0,0,1523.67106
128.198658,1,0,0,0,1523.67087
128.398656,1,0,0,0,1523.66917
128.598654,1,0,0,0,1523.67087
128.798652,1,0,0,0,1523.66917
128.99865,1,0,0,0,1523.67087
129.198648,1,0,0,0,1523.67106
129.398646,1,0,0,0,1523.67087
129.598644,1,0,0,0,1523.66918
129.798641,1,0,0,0,1523.67106
129.998639,1,0,0,0,1523.67276
130.198637,1,0,0,0,1523.67106
130.398635,1,0,0,0,1523.66899
130.598633,1,0,0,0,1523.66918
130.798631,1,0,0,0,1523.67106
130.998629,1,0,0,0,1523.67106
131.198627,1,0,0,0,1523.67276
131.398625,1,0,0,0,1523.67107
131.598623,1,0,0,0,1523.67088
131.798621,1,0,0,0,1523.67088
131.998619,1,0,0,0,1523.67107
132.198617,1,0,0,0,1523.67107
132.398614,1,0,0,0,1523.67276
132.598612,1,0,0,0,1523.67276
132.79861,1,0,0,0,1523.67276
132.998608,1,0,0,0,1523.67277
133.198606,1,0,0,0,1523.67277
133.398604,1,0,0,0,1523.67277
133.598602,1,0,0,0,1523.67277
133.7986,1,0,0,0,1523.67277
133.998598,1,0,0,0,1523.67277
134.198596,1,0,0,0,1523.67107
134.398593,1,0,0,0,1523.67277
134.598591,1,0,0,0,1523.67107
134.798589,1,0,0,0,1523.67107
134.998587,1,0,0,0,1523.67088
135.198585,1,0,0,0,1523.67277
135.398583,1,0,0,0,1523.67277
135.598581,1,0,0,0,1523.67107
135.798579,1,0,0,0,1523.67277
135.998577,1,0,0,0,1523.67277
136.198575,1,0,0,0,1523.67277
136.398572,1,0,0,0,1523.67654
136.59857,1,0,0,0,1523.67107
136.798568,1,0,0,0,1523.67107
136.998566,1,0,0,0,1523.67277
137.198564,1,0,0,0,1523.67277
137.398562,1,0,0,0,1523.67277
137.59856,1,0,0,0,1523.67277
137.798558,1,0,0,0,1523.67107
137.998556,1,0,0,0,1523.67089
138.198554,1,0,0,0,1523.67089
138.398552,1,0,0,0,1523.67107
138.59855,1,0,0,0,1523.67108
138.798548,1,0,0,0,1523.66919
138.998545,1,0,0,0,1523.67466
139.198543,1,0,0,0,1523.67466
139.398541,1,0,0,0,1523.67278
139.598539,1,0,0,0,1523.67108
139.798537,1,0,0,0,1523.67108
139.998535,1,0,0,0,1523.67467
140.198533,1,0,0,0,1523.67278
140.398531,1,0,0,0,1523.67278
140.598529,1,0,0,0,1523.67108
140.798527,1,0,0,0,1523.67278
140.998524,1,0,0,0,1523.67278
141.198523,1,0,0,0,1523.67278
141.39852,1,0,0,0,1523.67108
141.598518,1,0,0,0,1523.67467
141.798516,1,0,0,0,1523.67278
141.998514,1,0,0,0,1523.67656
142.198512,1,0,0,0,1523.67278
142.39851,1,0,0,0,1523.67278
142.598508,1,0,0,0,1523.67278
142.798506,1,0,0,0,1523.67278
142.998503,1,0,0,0,1523.67467
143.198501,1,0,0,0,1523.67278
143.398499,1,0,0,0,1523.67278
143.598497,1,0,0,0,1523.67467
143.798495,1,0,0,0,1523.67467
143.998493,1,0,0,0,1523.67467
144.198491,1,0,0,0,1523.67637
144.398489,1,0,0,0,1523.67448
144.598487,1,0,0,0,1523.67467
144.798485,1,0,0,0,1523.67486
144.998483,1,0,0,0,1523.67278
145.19848,1,0,0,0,1523.67486
145.398478,1,0,0,0,1523.67486
145.598476,1,0,0,0,1523.67278
145.798474,1,0,0,0,1523.67637
145.998472,1,0,0,0,1523.67467
146.19847,1,0,0,0,1523.67637
146.398468,1,0,0,0,1523.67637
146.598466,1,0,0,0,1523.67826
146.798464,1,0,0,0,1523.67486
146.998461,1,0,0,0,1523.67656
147.198459,1,0,0,0,1523.67467
147.398458,1,0,0,0,1523.67486
147.598455,1,0,0,0,1523.67467
147.798453,1,0,0,0,1523.67467
147.998453,1,0,0,0,1523.67467
148.198449,1,0,0,0,1523.67486
148.398447,1,0,0,0,1523.67637
148.598445,1,0,0,0,1523.67637
148.798443,1,0,0,0,1523.67468
148.998441,1,0,0,0,1523.67656
149.198439,1,0,0,0,1523.67468
149.398437,1,0,0,0,1523.67486
149.598435,1,0,0,0,1523.67468
149.798432,1,0,0,0,1523.67656
149.99843,1,0,0,0,1523.67468
150.198428,1,0,0,0,1523.67468
150.398426,1,0,0,0,1523.67637
150.598424,1,0,0,0,1523.67637
150.798422,1,0,0,0,1523.67637
150.99842,1,0,0,0,1523.67468
151.198418,1,0,0,0,1523.67826
151.398416,1,0,0,0,1523.67468
151.598414,1,0,0,0,1523.67468
151.798411,1,0,0,0,1523.67279
151.99841,1,0,0,0,1523.67657
152.198407,1,0,0,0,1523.67638
152.398405,1,0,0,0,1523.67468
152.598403,1,0,0,0,1523.67827
152.798401,1,0,0,0,1523.67827
152.998399,1,0,0,0,1523.67468
153.198397,1,0,0,0,1523.67487
153.398395,1,0,0,0,1523.67468
153.598393,1,0,0,0,1523.67487
153.798391,1,0,0,0,1523.67468
153.998388,1,0,0,0,1523.67468
154.198386,1,0,0,0,1523.67468
154.398384,1,0,0,0,1523.67638
154.598382,1,0,0,0,1523.67468
154.79838,1,0,0,0,1523.67468
154.998378,1,0,0,0,1523.67468
155.198376,1,0,0,0,1523.67638
155.398374,1,0,0,0,1523.67638
155.598372,1,0,0,0,1523.67468
155.79837,1,0,0,0,1523.67279
155.998368,1,0,0,0,1523.67468
156.198365,1,0,0,0,1523.67638
156.398364,1,0,0,0,1523.67468
156.598361,1,0,0,0,1523.67827
156.798359,1,0,0,0,1523.67657
156.998357,1,0,0,0,1523.67638
157.198355,1,0,0,0,1523.67638
157.398353,1,0,0,0,1523.67657
157.598351,1,0,0,0,1523.67657
157.798349,1,0,0,0,1523.67638
157.998347,1,0,0,0,1523.67638
158.198344,1,0,0,0,1523.67657
158.398342,1,0,0,0,1523.67487
158.59834,1,0,0,0,1523.67469
158.798338,1,0,0,0,1523.67469
158.998336,1,0,0,0,1523.67657
159.198334,1,0,0,0,1523.67658
159.398332,1,0,0,0,1523.67827
159.59833,1,0,0,0,1523.67658
159.798328,1,0,0,0,1523.67658
159.998326,1,0,0,0,1523.67639
160.198324,1,0,0,0,1523.67658
160.398322,1,0,0,0,1523.67827
160.59832,1,0,0,0,1523.67658
160.798318,1,0,0,0,1523.67639
160.998315,1,0,0,0,1523.67658
161.198313,1,0,0,0,1523.67658
161.398311,1,0,0,0,1523.67828
161.598309,1,0,0,0,1523.67828
161.798307,1,0,0,0,1523.67828
161.998305,1,0,0,0,1523.67828
162.198303,1,0,0,0,1523.67639
162.398301,1,0,0,0,1523.68017
162.598299,1,0,0,0,1523.67658
162.798296,1,0,0,0,1523.67828
162.998295,1,0,0,0,1523.67828
163.198292,1,0,0,0,1523.67828
163.39829,1,0,0,0,1523.67828
163.598288,1,0,0,0,1523.67847
163.798286,1,0,0,0,1523.67828
163.998284,1,0,0,0,1523.67828
164.198282,1,0,0,0,1523.68017
164.39828,1,0,0,0,1523.67658
164.598278,1,0,0,0,1523.67847
164.798276,1,0,0,0,1523.67828
164.998274,1,0,0,0,1523.67828
165.198271,1,0,0,0,1523.67998
165.398269,1,0,0,0,1523.67828
165.598267,1,0,0,0,1523.67847
165.798265,1,0,0,0,1523.67828
165.998263,1,0,0,0,1523.68017
166.198261,1,0,0,0,1523.68017
166.398259,1,0,0,0,1523.67828
166.598257,1,0,0,0,1523.67828
166.798255,1,0,0,0,1523.67658
166.998253,1,0,0,0,1523.68017
167.198251,1,0,0,0,1523.68017
167.398248,1,0,0,0,1523.67828
167.598246,1,0,0,0,1523.67828
167.798244,1,0,0,0,1523.68017
167.998242,1,0,0,0,1523.68017
168.19824,1,0,0,0,1523.68017
168.398238,1,0,0,0,1523.68187
168.598236,1,0,0,0,1523.67639
168.798234,1,0,0,0,1523.67847
168.998232,1,0,0,0,1523.67998
169.19823,1,0,0,0,1523.67828
169.398227,1,0,0,0,1523.67847
169.598225,1,0,0,0,1523.67639
169.798223,1,0,0,0,1523.67658
169.998221,1,0,0,0,1523.67828
170.198219,1,0,0,0,1523.67658
170.398217,1,0,0,0,1523.68017
170.598215,1,0,0,0,1523.67658
170.798213,1,0,0,0,1523.67828
170.998211,1,0,0,0,1523.67828
171.198209,1,0,0,0,1523.68017
171.398207,1,0,0,0,1523.67828
171.598205,1,0,0,0,1523.67828
171.798203,1,0,0,0,1523.67658
171.9982,1,0,0,0,1523.67828
172.198198,1,0,0,0,1523.67658
172.398196,1,0,0,0,1523.67828
172.598194,1,0,0,0,1523.68017
172.798192,1,0,0,0,1523.68017
172.99819,1,0,0,0,1523.68017
173.198188,1,0,0,0,1523.67828
173.398186,1,0,0,0,1523.67866
173.598184,1,0,0,0,1523.67828
173.798182,1,0,0,0,1523.68017
173.998179,1,0,0,0,1523.67828
174.198177,1,0,0,0,1523.67828
174.398175,1,0,0,0,1523.67847
174.598173,1,0,0,0,1523.67847
174.798171,1,0,0,0,1523.67998
174.998169,1,0,0,0,1523.67828
175.198167,1,0,0,0,1523.68017
175.398165,1,0,0,0,1523.68017
175.598163,1,0,0,0,1523.67828
175.798161,1,0,0,0,1523.68036
175.998158,1,0,0,0,1523.68017
176.198156,1,0,0,0,1523.67828
176.398154,1,0,0,0,1523.68017
176.598152,1,0,0,0,1523.68017
176.79815,1,0,0,0,1523.68036
176.998148,1,0,0,0,1523.68017
177.198146,1,0,0,0,1523.68017
177.398144,1,0,0,0,1523.68017
177.598142,1,0,0,0,1523.68017
177.79814,1,0,0,0,1523.68036
177.998138,1,0,0,0,1523.68376
178.198136,1,0,0,0,1523.68017
178.398134,1,0,0,0,1523.68017
178.598131,1,0,0,0,1523.68206
178.798129,1,0,0,0,1523.68376
178.998127,1,0,0,0,1523.67828
179.198125,1,0,0,0,1523.68036
179.398123,1,0,0,0,1523.68376
179.598121,1,0,0,0,1523.68036
179.798119,1,0,0,0,1523.68017
179.998117,1,0,0,0,1523.68395
180.198115,1,0,0,0,1523.68206
180.398113,1,0,0,0,1523.68206
180.598111,1,0,0,0,1523.68017
180.798108,1,0,0,0,1523.68376
180.998106,1,0,0,0,1523.68206
181.198104,1,0,0,0,1523.68206
181.398102,1,0,0,0,1523.68036
181.5981,1,0,0,0,1523.68206
181.798098,1,0,0,0,1523.68206
181.998096,1,0,0,0,1523.68206
182.198094,1,0,0,0,1523.68206
182.398092,1,0,0,0,1523.68395
182.598089,1,0,0,0,1523.68395
182.798087,1,0,0,0,1523.68187
182.998085,1,0,0,0,1523.68188
183.198083,1,0,0,0,1523.68546
183.398081,1,0,0,0,1523.68376
183.598079,1,0,0,0,1523.68206
183.798077,1,0,0,0,1523.68206
183.998075,1,0,0,0,1523.68188
184.198073,1,0,0,0,1523.68206
184.398071,1,0,0,0,1523.68395
184.598069,1,0,0,0,1523.68188
184.798067,1,0,0,0,1523.68358
184.998065,1,0,0,0,1523.68188
185.198062,1,0,0,0,1523.68207
185.39806,1,0,0,0,1523.68018
185.598058,1,0,0,0,1523.68037
185.798056,1,0,0,0,1523.68207
185.998054,1,0,0,0,1523.68207
186.198052,1,0,0,0,1523.68188
186.39805,1,0,0,0,1523.68206
186.598048,1,0,0,0,1523.68188
186.798046,1,0,0,0,1523.68395
186.998044,1,0,0,0,1523.68395
187.198042,1,0,0,0,1523.68207
187.398039,1,0,0,0,1523.68207
187.598037,1,0,0,0,1523.68207
187.798035,1,0,0,0,1523.68207
187.998033,1,0,0,0,1523.68018
188.198031,1,0,0,0,1523.68376
188.398029,1,0,0,0,1523.68207
188.598027,1,0,0,0,1523.68188
188.798025,1,0,0,0,1523.68207
188.998023,1,0,0,0,1523.68188
189.198021,1,0,0,0,1523.68207
189.398018,1,0,0,0,1523.68377
189.598016,1,0,0,0,1523.68207
189.798014,1,0,0,0,1523.68358
189.998012,1,0,0,0,1523.68207
190.19801,1,0,0,0,1523.68377
190.398008,1,0,0,0,1523.68377
190.598006,1,0,0,0,1523.68358
190.798004,1,0,0,0,1523.68207
190.998002,1,0,0,0,1523.68207
191.198,1,0,0,0,1523.68207
191.397998,1,0,0,0,1523.68566
191.597996,1,0,0,0,1523.68377
191.797993,1,0,0,0,1523.68207
191.997991,1,0,0,0,1523.68188
192.197989,1,0,0,0,1523.68396
192.397987,1,0,0,0,1523.68377
192.597985,1,0,0,0,1523.68566
192.797983,1,0,0,0,1523.68396
192.997981,1,0,0,0,1523.68396
193.197979,1,0,0,0,1523.68396
193.397977,1,0,0,0,1523.68566
193.597975,1,0,0,0,1523.68377
193.797972,1,0,0,0,1523.68396
193.99797,1,0,0,0,1523.68396
194.197968,1,0,0,0,1523.68396
194.397966,1,0,0,0,1523.68207
194.597964,1,0,0,0,1523.68566
194.797962,1,0,0,0,1523.68396
194.99796,1,0,0,0,1523.68207
195.197958,1,0,0,0,1523.68585
195.397956,1,0,0,0,1523.68755
195.597954,1,0,0,0,1523.68396
195.797951,1,0,0,0,1523.68755
195.99795,1,0,0,0,1523.68566
196.197947,1,0,0,0,1523.68736
196.397945,1,0,0,0,1523.68566
196.597943,1,0,0,0,1523.68396
196.797941,1,0,0,0,1523.68585
196.997939,1,0,0,0,1523.68396
197.197937,1,0,0,0,1523.68566
197.397935,1,0,0,0,1523.68566
197.597933,1,0,0,0,1523.68566
197.797931,1,0,0,0,1523.68736
197.997929,1,0,0,0,1523.68566
198.197927,1,0,0,0,1523.68585
198.397924,1,0,0,0,1523.68566
198.597922,1,0,0,0,1523.68736
198.79792,1,0,0,0,1523.68566
198.997918,1,0,0,0,1523.68377
199.197916,1,0,0,0,1523.68566
199.397914,1,0,0,0,1523.68566
199.597912,1,0,0,0,1523.68755
199.79791,1,0,0,0,1523.68566
199.997908,1,0,0,0,1523.68755
200.197906,1,0,0,0,1523.68566
200.397903,1,0,0,0,1523.68377
200.597901,1,0,0,0,1523.68566
200.797899,1,0,0,0,1523.68566
200.997897,1,0,0,0,1523.68585
201.197895,1,0,0,0,1523.68755
201.397893,1,0,0,0,1523.68566
201.597891,1,0,0,0,1523.68547
201.797889,1,0,0,0,1523.68396
201.997887,1,0,0,0,1523.68566
202.197885,1,0,0,0,1523.68566
202.397882,1,0,0,0,1523.68566
202.59788,1,0,0,0,1523.68566
202.797879,1,0,0,0,1523.68396
202.997876,1,0,0,0,1523.68566
203.197874,1,0,0,0,1523.68566
203.397872,1,0,0,0,1523.68377
203.59787,1,0,0,0,1523.68566
203.797868,1,0,0,0,1523.68755
203.997866,1,0,0,0,1523.68566
204.197864,1,0,0,0,1523.68566
204.397862,1,0,0,0,1523.68377
204.59786,1,0,0,0,1523.68585
204.797858,1,0,0,0,1523.68566
204.997855,1,0,0,0,1523.68585
205.197854,1,0,0,0,1523.68548
205.397851,1,0,0,0,1523.68567
205.597849,1,0,0,0,1523.68944
205.797847,1,0,0,0,1523.68566
205.997845,1,0,0,0,1523.68566
206.197843,1,0,0,0,1523.68415
206.397841,1,0,0,0,1523.68566
206.597839,1,0,0,0,1523.68585
206.797837,1,0,0,0,1523.68755
206.997835,1,0,0,0,1523.68567
207.197832,1,0,0,0,1523.68585
207.39783,1,0,0,0,1523.68755
207.597828,1,0,0,0,1523.68567
207.797826,1,0,0,0,1523.68567
207.997824,1,0,0,0,1523.68755
208.197822,1,0,0,0,1523.68755
208.39782,1,0,0,0,1523.68567
208.597818,1,0,0,0,1523.68737
208.797816,1,0,0,0,1523.68567
208.997814,1,0,0,0,1523.68567
209.197812,1,0,0,0,1523.68756
209.39781,1,0,0,0,1523.68925
209.597807,1,0,0,0,1523.68586
209.797805,1,0,0,0,1523.68567
209.997803,1,0,0,0,1523.68756
210.197801,1,0,0,0,1523.68567
210.397799,1,0,0,0,1523.68737
210.597797,1,0,0,0,1523.68925
210.797795,1,0,0,0,1523.68737
210.997793,1,0,0,0,1523.68737
211.197791,1,0,0,0,1523.68567
211.397789,1,0,0,0,1523.68737
211.597786,1,0,0,0,1523.68567
211.797784,1,0,0,0,1523.68737
211.997782,1,0,0,0,1523.68774
212.19778,1,0,0,0,1523.68925
212.397778,1,0,0,0,1523.68944
212.597776,1,0,0,0,1523.68774
212.797774,1,0,0,0,1523.68925
212.997772,1,0,0,0,1523.68925
213.19777,1,0,0,0,1523.68925
213.397768,1,0,0,0,1523.68925
213.597766,1,0,0,0,1523.68944
213.797764,1,0,0,0,1523.68756
213.997761,1,0,0,0,1523.68925
214.197759,1,0,0,0,1523.68755
214.397757,1,0,0,0,1523.68925
214.597755,1,0,0,0,1523.69114
214.797753,1,0,0,0,1523.68756
214.997751,1,0,0,0,1523.68925
215.197749,1,0,0,0,1523.68925
215.397747,1,0,0,0,1523.68774
215.597745,1,0,0,0,1523.68925
215.797743,1,0,0,0,1523.68756
215.997741,1,0,0,0,1523.68756
216.197738,1,0,0,0,1523.68944
216.397736,1,0,0,0,1523.68586
216.597734,1,0,0,0,1523.68925
216.797732,1,0,0,0,1523.68567
216.99773,1,0,0,0,1523.68755
217.197728,1,0,0,0,1523.68567
217.397726,1,0,0,0,1523.68944
217.597724,1,0,0,0,1523.68755
217.797722,1,0,0,0,1523.68925
217.99772,1,0,0,0,1523.68925
218.197718,1,0,0,0,1523.68604
218.397715,1,0,0,0,1523.68906
218.597713,1,0,0,0,1523.68737
218.797711,1,0,0,0,1523.68755
218.997709,1,0,0,0,1523.69114
219.197707,1,0,0,0,1523.68755
219.397705,1,0,0,0,1523.68925
219.597703,1,0,0,0,1523.68944
219.797701,1,0,0,0,1523.68944
219.997699,1,0,0,0,1523.68944
220.197697,1,0,0,0,1523.69114
220.397695,1,0,0,0,1523.68906
220.597692,1,0,0,0,1523.68944
220.79769,1,0,0,0,1523.68944
220.997688,1,0,0,0,1523.68944
221.197686,1,0,0,0,1523.68944
221.397684,1,0,0,0,1523.68925
221.597682,1,0,0,0,1523.68944
221.79768,1,0,0,0,1523.68925
221.997678,1,0,0,0,1523.68944
222.197676,1,0,0,0,1523.68944
222.397674,1,0,0,0,1523.69114
222.597672,1,0,0,0,1523.68944
222.797669,1,0,0,0,1523.69114
222.997667,1,0,0,0,1523.68925
223.197665,1,0,0,0,1523.68944
223.397663,1,0,0,0,1523.68944
223.597661,1,0,0,0,1523.69113
223.797659,1,0,0,0,1523.68944
223.997657,1,0,0,0,1523.69113
224.197655,1,0,0,0,1523.68925
224.397653,1,0,0,0,1523.68944
224.597651,1,0,0,0,1523.68944
224.797648,1,0,0,0,1523.68925
224.997646,1,0,0,0,1523.69114
225.197644,1,0,0,0,1523.68944
225.397642,1,0,0,0,1523.68944
225.59764,1,0,0,0,1523.69114
225.797638,1,0,0,0,1523.68925
225.997636,1,0,0,0,1523.69133
226.197634,1,0,0,0,1523.68755
226.397632,1,0,0,0,1523.69114
226.59763,1,0,0,0,1523.68944
226.797628,1,0,0,0,1523.68944
226.997626,1,0,0,0,1523.69114
227.197623,1,0,0,0,1523.69114
227.397621,1,0,0,0,1523.68944
227.597619,1,0,0,0,1523.69114
227.797617,1,0,0,0,1523.68925
227.997615,1,0,0,0,1523.68925
228.197613,1,0,0,0,1523.69095
228.397611,1,0,0,0,1523.69114
228.597609,1,0,0,0,1523.69114
228.797607,1,0,0,0,1523.69114
228.997605,1,0,0,0,1523.69114
229.197603,1,0,0,0,1523.69114
229.3976,1,0,0,0,1523.69114
229.597598,1,0,0,0,1523.69114
229.797596,1,0,0,0,1523.69114
229.997594,1,0,0,0,1523.69114
230.197592,1,0,0,0,1523.69133
230.39759,1,0,0,0,1523.69114
230.597588,1,0,0,0,1523.69114
230.797586,1,0,0,0,1523.69284
230.997584,1,0,0,0,1523.69303
231.197582,1,0,0,0,1523.69284
231.39758,1,0,0,0,1523.69133
231.597578,1,0,0,0,1523.69114
231.797575,1,0,0,0,1523.69284
231.997573,1,0,0,0,1523.69114
232.197571,1,0,0,0,1523.68944
232.397569,1,0,0,0,1523.69114
232.597567,1,0,0,0,1523.69114
232.797565,1,0,0,0,1523.69284
232.997563,1,0,0,0,1523.69114
233.197561,1,0,0,0,1523.69114
233.397559,1,0,0,0,1523.69114
233.597557,1,0,0,0,1523.69284
233.797554,1,0,0,0,1523.69114
233.997553,1,0,0,0,1523.68944
234.19755,1,0,0,0,1523.69114
234.397548,1,0,0,0,1523.69303
234.597546,1,0,0,0,1523.69114
234.797544,1,0,0,0,1523.69114
234.997542,1,0,0,0,1523.69284
235.19754,1,0,0,0,1523.69114
235.397538,1,0,0,0,1523.69114
235.597536,1,0,0,0,1523.69114
235.797534,1,0,0,0,1523.68925
235.997532,1,0,0,0,1523.69284
236.19753,1,0,0,0,1523.69114
236.397527,1,0,0,0,1523.69303
236.597525,1,0,0,0,1523.68944
236.797523,1,0,0,0,1523.69114
236.997521,1,0,0,0,1523.69284
237.197519,1,0,0,0,1523.69114
237.397517,1,0,0,0,1523.69284
237.597515,1,0,0,0,1523.69114
237.797513,1,0,0,0,1523.69114
237.997511,1,0,0,0,1523.69114
238.197509,1,0,0,0,1523.69303
238.397506,1,0,0,0,1523.69284
238.597504,1,0,0,0,1523.69284
238.797502,1,0,0,0,1523.69114
238.9975,1,0,0,0,1523.69114
239.197498,1,0,0,0,1523.69114
239.397496,1,0,0,0,1523.69114
239.597494,1,0,0,0,1523.69473
239.797492,1,0,0,0,1523.69114
239.99749,1,0,0,0,1523.69284
240.197489,1,0,0,0,1523.69114
240.397486,1,0,0,0,1523.69303
240.597484,1,0,0,0,1523.69114
240.797482,1,0,0,0,1523.69114
240.997479,1,0,0,0,1523.69114
241.197477,1,0,0,0,1523.69284
241.397475,1,0,0,0,1523.69114
241.597473,1,0,0,0,1523.69284
241.797471,1,0,0,0,1523.69303
241.997469,1,0,0,0,1523.69114
242.197467,1,0,0,0,1523.69284
242.397465,1,0,0,0,1523.69133
242.597463,1,0,0,0,1523.69114
242.79746,1,0,0,0,1523.69284
242.997458,1,0,0,0,1523.69322
243.197456,1,0,0,0,1523.69303
243.397454,1,0,0,0,1523.69133
243.597452,1,0,0,0,1523.69473
243.79745,1,0,0,0,1523.69492
243.997448,1,0,0,0,1523.69284
244.197446,1,0,0,0,1523.69114
244.397444,1,0,0,0,1523.69473
244.597442,1,0,0,0,1523.69492
244.79744,1,0,0,0,1523.69454
244.997437,1,0,0,0,1523.69473
245.197435,1,0,0,0,1523.69114
245.397433,1,0,0,0,1523.69511
245.597431,1,0,0,0,1523.69303
245.797429,1,0,0,0,1523.69303
245.997427,1,0,0,0,1523.69303
246.197425,1,0,0,0,1523.69473
246.397423,1,0,0,0,1523.69681
246.597421,1,0,0,0,1523.69303
246.797419,1,0,0,0,1523.69133
246.997417,1,0,0,0,1523.69473
247.197415,1,0,0,0,1523.69492
247.397413,1,0,0,0,1523.69492
247.59741,1,0,0,0,1523.69284
247.797408,1,0,0,0,1523.69303
247.997406,1,0,0,0,1523.69133
248.197404,1,0,0,0,1523.69473
248.397402,1,0,0,0,1523.69473
248.5974,1,0,0,0,1523.69133
248.797398,1,0,0,0,1523.69492
248.997396,1,0,0,0,1523.69284
249.197394,1,0,0,0,1523.69114
249.397392,1,0,0,0,1523.69303
249.597389,1,0,0,0,1523.69303
249.797388,1,0,0,0,1523.69492
249.997385,1,0,0,0,1523.69285
250.197383,1,0,0,0,1523.69322
250.397381,1,0,0,0,1523.69096
250.597379,1,0,0,0,1523.69473
250.797377,1,0,0,0,1523.69473
250.997375,1,0,0,0,1523.69473
251.197373,1,0,0,0,1523.69473
251.397371,1,0,0,0,1523.69303
251.597368,1,0,0,0,1523.69284
251.797366,1,0,0,0,1523.69473
251.997364,1,0,0,0,1523.69662
252.197362,1,0,0,0,1523.69285
252.39736,1,0,0,0,1523.69473
252.597358,1,0,0,0,1523.69662
252.797356,1,0,0,0,1523.69511
252.997354,1,0,0,0,1523.69851
253.197352,1,0,0,0,1523.69454
253.39735,1,0,0,0,1523.69511
253.597348,1,0,0,0,1523.69492
253.797346,1,0,0,0,1523.69492
253.997344,1,0,0,0,1523.69473
254.197341,1,0,0,0,1523.69492
254.397339,1,0,0,0,1523.69322
254.597337,1,0,0,0,1523.69473
254.797335,1,0,0,0,1523.69473
254.997333,1,0,0,0,1523.69473
255.197331,1,0,0,0,1523.69304
255.397329,1,0,0,0,1523.69492
255.597327,1,0,0,0,1523.69492
255.797325,1,0,0,0,1523.69473
255.997323,1,0,0,0,1523.69492
256.19732,1,0,0,0,1523.69492
256.397318,1,0,0,0,1523.69492
256.597317,1,0,0,0,1523.69681
256.797314,1,0,0,0,1523.69681
256.997312,1,0,0,0,1523.69681
257.19731,1,0,0,0,1523.69492
257.397308,1,0,0,0,1523.69662
257.597306,1,0,0,0,1523.69493
257.797304,1,0,0,0,1523.69662
257.997302,1,0,0,0,1523.69662
258.1973,1,0,0,0,1523.69663
258.397297,1,0,0,0,1523.69512
258.597296,1,0,0,0,1523.69682
258.797293,1,0,0,0,1523.69455
258.997291,1,0,0,0,1523.69663
259.197289,1,0,0,0,1523.69493
259.397287,1,0,0,0,1523.69833
259.597285,1,0,0,0,1523.69682
259.797283,1,0,0,0,1523.69493
259.997281,1,0,0,0,1523.69512
260.197279,1,0,0,0,1523.69682
260.397277,1,0,0,0,1523.69663
260.597275,1,0,0,0,1523.69512
260.797272,1,0,0,0,1523.69512
260.99727,1,0,0,0,1523.69644
261.197268,1,0,0,0,1523.69493
261.397266,1,0,0,0,1523.69851
261.597264,1,0,0,0,1523.69663
261.797262,1,0,0,0,1523.69682
261.99726,1,0,0,0,1523.69474
262.197258,1,0,0,0,1523.69493
262.397256,1,0,0,0,1523.69682
262.597254,1,0,0,0,1523.69682
262.797252,1,0,0,0,1523.69852
262.99725,1,0,0,0,1523.69493
263.197248,1,0,0,0,1523.69493
263.397245,1,0,0,0,1523.69682
263.597243,1,0,0,0,1523.69474
263.797241,1,0,0,0,1523.69682
263.997239,1,0,0,0,1523.69663
264.197237,1,0,0,0,1523.69644
264.397235,1,0,0,0,1523.69663
264.597233,1,0,0,0,1523.69663
264.797231,1,0,0,0,1523.69663
264.997229,1,0,0,0,1523.69663
265.197227,1,0,0,0,1523.69663
265.397224,1,0,0,0,1523.69663
265.597222,1,0,0,0,1523.69512
265.79722,1,0,0,0,1523.69682
265.997218,1,0,0,0,1523.69833
266.197216,1,0,0,0,1523.69682
266.397214,1,0,0,0,1523.69682
266.597212,1,0,0,0,1523.69663
266.79721,1,0,0,0,1523.69833
266.997208,1,0,0,0,1523.69833
267.197206,1,0,0,0,1523.69852
267.397203,1,0,0,0,1523.69663
267.597202,1,0,0,0,1523.69663
267.797199,1,0,0,0,1523.69682
267.997197,1,0,0,0,1523.69852
268.197195,1,0,0,0,1523.69494
268.397193,1,0,0,0,1523.69853
268.597191,1,0,0,0,1523.69683
268.797189,1,0,0,0,1523.69834
268.997187,1,0,0,0,1523.69683
269.197185,1,0,0,0,1523.69853
269.397183,1,0,0,0,1523.69853
269.597181,1,0,0,0,1523.69664
269.797179,1,0,0,0,1523.69853
269.997176,1,0,0,0,1523.69683
270.197174,1,0,0,0,1523.69853
270.397172,1,0,0,0,1523.69853
270.59717,1,0,0,0,1523.69853
270.797168,1,0,0,0,1523.69834
270.997166,1,0,0,0,1523.69664
271.197164,1,0,0,0,1523.69834
271.397162,1,0,0,0,1523.69834
271.59716,1,0,0,0,1523.69683
271.797158,1,0,0,0,1523.69683
271.997156,1,0,0,0,1523.69664
272.197154,1,0,0,0,1523.69853
272.397151,1,0,0,0,1523.69853
272.597149,1,0,0,0,1523.69853
272.797147,1,0,0,0,1523.70042
272.997145,1,0,0,0,1523.69683
273.197143,1,0,0,0,1523.70004
273.397141,1,0,0,0,1523.70042
273.597139,1,0,0,0,1523.70023
273.797137,1,0,0,0,1523.70023
273.997135,1,0,0,0,1523.69872
274.197133,1,0,0,0,1523.70212
274.39713,1,0,0,0,1523.69834
274.597128,1,0,0,0,1523.70042
274.797127,1,0,0,0,1523.70042
274.997124,1,0,0,0,1523.70042
275.197122,1,0,0,0,1523.70023
275.39712,1,0,0,0,1523.69853
275.597118,1,0,0,0,1523.70023
275.797116,1,0,0,0,1523.70004
275.997114,1,0,0,0,1523.69853
276.197112,1,0,0,0,1523.70042
276.39711,1,0,0,0,1523.70231
276.597107,1,0,0,0,1523.69853
276.797105,1,0,0,0,1523.70042
276.997103,1,0,0,0,1523.70023
277.197101,1,0,0,0,1523.70042
277.397099,1,0,0,0,1523.69834
277.597097,1,0,0,0,1523.70023
277.797095,1,0,0,0,1523.70023
277.997093,1,0,0,0,1523.70023
278.197091,1,0,0,0,1523.69853
278.397089,1,0,0,0,1523.70231
278.597086,1,0,0,0,1523.69853
278.797085,1,0,0,0,1523.70042
278.997082,1,0,0,0,1523.70061
279.19708,1,0,0,0,1523.70004
279.397078,1,0,0,0,1523.70023
279.597076,1,0,0,0,1523.69853
279.797074,1,0,0,0,1523.70042
279.997072,1,0,0,0,1523.69853
280.19707,1,0,0,0,1523.69853
280.397068,1,0,0,0,1523.70042
280.597066,1,0,0,0,1523.70042
280.797064,1,0,0,0,1523.70042
280.997061,1,0,0,0,1523.70023
281.197059,1,0,0,0,1523.70005
281.397057,1,0,0,0,1523.69835
281.597055,1,0,0,0,1523.70042
281.797053,1,0,0,0,1523.69853
281.997051,1,0,0,0,1523.70024
282.197049,1,0,0,0,1523.70042
282.397047,1,0,0,0,1523.70042
282.597045,1,0,0,0,1523.69684
282.797043,1,0,0,0,1523.70024
282.997041,1,0,0,0,1523.69835
283.197039,1,0,0,0,1523.70024
283.397037,1,0,0,0,1523.70212
283.597034,1,0,0,0,1523.69854
283.797032,1,0,0,0,1523.70212
283.99703,1,0,0,0,1523.70024
284.197028,1,0,0,0,1523.70043
284.397026,1,0,0,0,1523.70024
284.597024,1,0,0,0,1523.70024
284.797022,1,0,0,0,1523.70043
284.99702,1,0,0,0,1523.70043
285.197018,1,0,0,0,1523.69873
285.397016,1,0,0,0,1523.70024
285.597013,1,0,0,0,1523.70062
285.797011,1,0,0,0,1523.69854
285.997009,1,0,0,0,1523.70043
286.197007,1,0,0,0,1523.69854
286.397005,1,0,0,0,1523.70043
286.597003,1,0,0,0,1523.70043
286.797001,1,0,0,0,1523.69835
286.996999,1,0,0,0,1523.70043
287.196997,1,0,0,0,1523.70043
287.396995,1,0,0,0,1523.70043
287.596993,1,0,0,0,1523.70213
287.79699,1,0,0,0,1523.70043
287.996989,1,0,0,0,1523.70043
288.196986,1,0,0,0,1523.70062
288.396984,1,0,0,0,1523.70043
288.596982,1,0,0,0,1523.70213
288.79698,1,0,0,0,1523.70043
288.996978,1,0,0,0,1523.70213
289.196976,1,0,0,0,1523.70213
289.396974,1,0,0,0,1523.69855
289.596972,1,0,0,0,1523.70043
289.79697,1,0,0,0,1523.70043
289.996968,1,0,0,0,1523.70043
290.196966,1,0,0,0,1523.70232
290.396964,1,0,0,0,1523.70043
290.596961,1,0,0,0,1523.70043
290.796959,1,0,0,0,1523.70043
290.996957,1,0,0,0,1523.70213
291.196955,1,0,0,0,1523.70383
291.396953,1,0,0,0,1523.70024
291.596951,1,0,0,0,1523.70043
291.796949,1,0,0,0,1523.70043
291.996947,1,0,0,0,1523.70213
292.196944,1,0,0,0,1523.69854
292.396942,1,0,0,0,1523.70232
292.596941,1,0,0,0,1523.70062
292.796938,1,0,0,0,1523.70024
292.996936,1,0,0,0,1523.69854
293.196934,1,0,0,0,1523.70043
293.396932,1,0,0,0,1523.69873
293.59693,1,0,0,0,1523.70213
293.796928,1,0,0,0,1523.70572
293.996926,1,0,0,0,1523.70213
294.196924,1,0,0,0,1523.70232
294.396922,1,0,0,0,1523.70232
294.59692,1,0,0,0,1523.70232
294.796918,1,0,0,0,1523.70232
294.996915,1,0,0,0,1523.70213
295.196913,1,0,0,0,1523.70213
295.396911,1,0,0,0,1523.70213
295.596909,1,0,0,0,1523.70232
295.796907,1,0,0,0,1523.70062
295.996905,1,0,0,0,1523.70232
296.196903,1,0,0,0,1523.70232
296.396901,1,0,0,0,1523.70213
296.596899,1,0,0,0,1523.70232
296.796897,1,0,0,0,1523.70043
296.996894,1,0,0,0,1523.70232
297.196892,1,0,0,0,1523.70213
297.39689,1,0,0,0,1523.70232
297.596888,1,0,0,0,1523.70213
297.796886,1,0,0,0,1523.70383
297.996884,1,0,0,0,1523.70232
298.196882,1,0,0,0,1523.70043
298.39688,1,0,0,0,1523.70383
298.596878,1,0,0,0,1523.70062
298.796876,1,0,0,0,1523.70043
298.996874,1,0,0,0,1523.70043
299.196872,1,0,0,0,1523.70025
299.396869,1,0,0,0,1523.70233
299.596868,1,0,0,0,1523.70233
299.796865,1,0,0,0,1523.70233
299.996863,1,0,0,0,1523.70043
300.196861,1,0,0,0,1523.70421
300.396859,1,0,0,0,1523.70232
300.596857,1,0,0,0,1523.70402
300.796855,1,0,0,0,1523.70233
300.996853,1,0,0,0,1523.70233
301.196851,1,0,0,0,1523.70384
301.396848,1,0,0,0,1523.70233
301.596847,1,0,0,0,1523.70233
301.796844,1,0,0,0,1523.70214
301.996842,1,0,0,0,1523.70384
302.19684,1,0,0,0,1523.70384
302.396838,1,0,0,0,1523.70384
302.596836,1,0,0,0,1523.70403
302.796834,1,0,0,0,1523.70403
302.996832,1,0,0,0,1523.70214
303.19683,1,0,0,0,1523.70384
303.396828,1,0,0,0,1523.70044
303.596826,1,0,0,0,1523.70591
303.796824,1,0,0,0,1523.70403
303.996822,1,0,0,0,1523.70214
304.196819,1,0,0,0,1523.70214
304.396817,1,0,0,0,1523.70384
304.596815,1,0,0,0,1523.70403
304.796813,1,0,0,0,1523.70422
304.996811,1,0,0,0,1523.70384
305.196809,1,0,0,0,1523.70233
305.396807,1,0,0,0,1523.70403
305.596805,1,0,0,0,1523.70233
305.796803,1,0,0,0,1523.70214
305.9968,1,0,0,0,1523.70384
306.196799,1,0,0,0,1523.70233
306.396796,1,0,0,0,1523.70403
306.596794,1,0,0,0,1523.70233
306.796792,1,0,0,0,1523.70384
306.99679,1,0,0,0,1523.70214
307.196788,1,0,0,0,1523.70403
307.396786,1,0,0,0,1523.70384
307.596784,1,0,0,0,1523.70573
307.796782,1,0,0,0,1523.70403
307.99678,1,0,0,0,1523.70384
308.196778,1,0,0,0,1523.70233
308.396775,1,0,0,0,1523.70214
308.596773,1,0,0,0,1523.70214
308.796771,1,0,0,0,1523.70044
308.996769,1,0,0,0,1523.70403
309.196767,1,0,0,0,1523.70233
309.396765,1,0,0,0,1523.70196
309.596763,1,0,0,0,1523.70384
309.796761,1,0,0,0,1523.70403
309.996759,1,0,0,0,1523.70592
310.196757,1,0,0,0,1523.70403
310.396755,1,0,0,0,1523.70403
310.596752,1,0,0,0,1523.70403
310.796751,1,0,0,0,1523.70573
310.996748,1,0,0,0,1523.70403
311.196746,1,0,0,0,1523.70384
311.396744,1,0,0,0,1523.70573
311.596742,1,0,0,0,1523.70762
311.79674,1,0,0,0,1523.70234
311.996738,1,0,0,0,1523.70573
312.196736,1,0,0,0,1523.70404
312.396734,1,0,0,0,1523.70385
312.596732,1,0,0,0,1523.70592
312.79673,1,0,0,0,1523.70574
312.996727,1,0,0,0,1523.70404
313.196725,1,0,0,0,1523.70404
313.396723,1,0,0,0,1523.70404
313.596721,1,0,0,0,1523.70592
313.796719,1,0,0,0,1523.70574
313.996717,1,0,0,0,1523.70404
314.196715,1,0,0,0,1523.70404
314.396713,1,0,0,0,1523.70404
314.596711,1,0,0,0,1523.70215
314.796709,1,0,0,0,1523.70574
314.996706,1,0,0,0,1523.70762
315.196704,1,0,0,0,1523.70574
315.396703,1,0,0,0,1523.70404
315.5967,1,0,0,0,1523.70593
315.796698,1,0,0,0,1523.70593
315.996696,1,0,0,0,1523.70593
316.196694,1,0,0,0,1523.70404
316.396692,1,0,0,0,1523.70574
316.59669,1,0,0,0,1523.70593
316.796688,1,0,0,0,1523.70781
316.996686,1,0,0,0,1523.70593
317.196684,1,0,0,0,1523.70574
317.396682,1,0,0,0,1523.70952
317.596679,1,0,0,0,1523.70574
317.796677,1,0,0,0,1523.70593
317.996675,1,0,0,0,1523.70555
318.196673,1,0,0,0,1523.70763
318.396671,1,0,0,0,1523.70574
318.596669,1,0,0,0,1523.70612
318.796667,1,0,0,0,1523.70593
318.996665,1,0,0,0,1523.70593
319.196663,1,0,0,0,1523.70593
319.396661,1,0,0,0,1523.70763
319.596658,1,0,0,0,1523.70763
319.796656,1,0,0,0,1523.70763
319.996654,1,0,0,0,1523.70782
320.196652,1,0,0,0,1523.70593
320.39665,1,0,0,0,1523.70574
320.596648,1,0,0,0,1523.70952
320.796646,1,0,0,0,1523.70593
320.996644,1,0,0,0,1523.70801
321.196642,1,0,0,0,1523.70782
321.39664,1,0,0,0,1523.70593
321.596638,1,0,0,0,1523.70593
321.796636,1,0,0,0,1523.70763
321.996634,1,0,0,0,1523.70801
322.196631,1,0,0,0,1523.70952
322.396629,1,0,0,0,1523.70763
322.596627,1,0,0,0,1523.70952
322.796625,1,0,0,0,1523.70763
322.996623,1,0,0,0,1523.70952
323.196621,1,0,0,0,1523.70593
323.396619,1,0,0,0,1523.70763
323.596617,1,0,0,0,1523.70933
323.796615,1,0,0,0,1523.70782
323.996613,1,0,0,0,1523.70782
324.19661,1,0,0,0,1523.70612
324.396609,1,0,0,0,1523.70952
324.596606,1,0,0,0,1523.70952
324.796604,1,0,0,0,1523.70782
324.996602,1,0,0,0,1523.70933
325.1966,1,0,0,0,1523.70763
325.396598,1,0,0,0,1523.70782
325.596596,1,0,0,0,1523.70782
325.796594,1,0,0,0,1523.71122
325.996592,1,0,0,0,1523.70933
326.196589,1,0,0,0,1523.70782
326.396587,1,0,0,0,1523.70782
326.596586,1,0,0,0,1523.70782
326.796583,1,0,0,0,1523.70801
326.996581,1,0,0,0,1523.71103
327.196579,1,0,0,0,1523.70763
327.396577,1,0,0,0,1523.70971
327.596575,1,0,0,0,1523.70952
327.796573,1,0,0,0,1523.70952
327.996571,1,0,0,0,1523.70952
328.196569,1,0,0,0,1523.70952
328.396567,1,0,0,0,1523.70952
328.596565,1,0,0,0,1523.70952
328.796562,1,0,0,0,1523.70933
328.99656,1,0,0,0,1523.70952
329.196558,1,0,0,0,1523.71122
329.396556,1,0,0,0,1523.70782
329.596554,1,0,0,0,1523.70952
329.796552,1,0,0,0,1523.70612
329.99655,1,0,0,0,1523.70782
330.196548,1,0,0,0,1523.70933
330.396546,1,0,0,0,1523.70782
330.596544,1,0,0,0,1523.70952
330.796542,1,0,0,0,1523.70782
330.99654,1,0,0,0,1523.70763
331.196537,1,0,0,0,1523.70782
331.396535,1,0,0,0,1523.70763
331.596533,1,0,0,0,1523.70952
331.796531,1,0,0,0,1523.70782
331.996529,1,0,0,0,1523.70783
332.196527,1,0,0,0,1523.70952
332.396525,1,0,0,0,1523.70952
332.596523,1,0,0,0,1523.70783
332.796521,1,0,0,0,1523.70952
332.996519,1,0,0,0,1523.70952
333.196517,1,0,0,0,1523.70782
333.396514,1,0,0,0,1523.70801
333.596512,1,0,0,0,1523.70801
333.79651,1,0,0,0,1523.70934
333.996508,1,0,0,0,1523.70952
334.196506,1,0,0,0,1523.70952
334.396504,1,0,0,0,1523.71292
334.596502,1,0,0,0,1523.71122
334.7965,1,0,0,0,1523.70953
334.996498,1,0,0,0,1523.70953
335.196496,1,0,0,0,1523.71123
335.396494,1,0,0,0,1523.70953
335.596492,1,0,0,0,1523.70802
335.796489,1,0,0,0,1523.70972
335.996487,1,0,0,0,1523.70953
336.196485,1,0,0,0,1523.70953
336.396483,1,0,0,0,1523.70745
336.596481,1,0,0,0,1523.70953
336.796479,1,0,0,0,1523.71123
336.996477,1,0,0,0,1523.70953
337.196475,1,0,0,0,1523.70953
337.396473,1,0,0,0,1523.70953
337.596471,1,0,0,0,1523.70783
337.796468,1,0,0,0,1523.71123
337.996466,1,0,0,0,1523.71142
338.196464,1,0,0,0,1523.70953
338.396462,1,0,0,0,1523.70972
338.59646,1,0,0,0,1523.71312
338.796458,1,0,0,0,1523.71123
338.996456,1,0,0,0,1523.70953
339.196454,1,0,0,0,1523.71142
339.396452,1,0,0,0,1523.71142
339.59645,1,0,0,0,1523.71519
339.796448,1,0,0,0,1523.71142
339.996445,1,0,0,0,1523.70953
340.196444,1,0,0,0,1523.71142
340.396441,1,0,0,0,1523.71123
340.596439,1,0,0,0,1523.70953
340.796437,1,0,0,0,1523.71311
340.996435,1,0,0,0,1523.71122
341.196433,1,0,0,0,1523.71122
341.396431,1,0,0,0,1523.71122
341.596429,1,0,0,0,1523.71141
341.796427,1,0,0,0,1523.7133
341.996425,1,0,0,0,1523.70953
342.196423,1,0,0,0,1523.71123
342.396421,1,0,0,0,1523.71123
342.596418,1,0,0,0,1523.71311
342.796416,1,0,0,0,1523.70953
342.996414,1,0,0,0,1523.71142
343.196412,1,0,0,0,1523.71123
343.39641,1,0,0,0,1523.71311
343.596408,1,0,0,0,1523.7133
343.796406,1,0,0,0,1523.71311
343.996404,1,0,0,0,1523.71293
344.196402,1,0,0,0,1523.71481
344.396399,1,0,0,0,1523.71123
344.596398,1,0,0,0,1523.71349
344.796396,1,0,0,0,1523.71142
344.996393,1,0,0,0,1523.71311
345.196391,1,0,0,0,1523.715
345.396389,1,0,0,0,1523.71142
345.596387,1,0,0,0,1523.70953
345.796385,1,0,0,0,1523.71331
345.996383,1,0,0,0,1523.70953
346.196381,1,0,0,0,1523.70953
346.396379,1,0,0,0,1523.70972
346.596377,1,0,0,0,1523.70953
346.796375,1,0,0,0,1523.71331
346.996372,1,0,0,0,1523.70953
347.196371,1,0,0,0,1523.71142
347.396368,1,0,0,0,1523.71331
347.596366,1,0,0,0,1523.71519
347.796364,1,0,0,0,1523.71142
347.996362,1,0,0,0,1523.71293
348.19636,1,0,0,0,1523.71312
348.396358,1,0,0,0,1523.70953
348.596356,1,0,0,0,1523.71104
348.796354,1,0,0,0,1523.70953
348.996352,1,0,0,0,1523.71312
349.196349,1,0,0,0,1523.71331
349.396348,1,0,0,0,1523.71123
349.596345,1,0,0,0,1523.71142
349.796343,1,0,0,0,1523.70953
349.996341,1,0,0,0,1523.71123
350.196339,1,0,0,0,1523.71142
350.396337,1,0,0,0,1523.71142
350.596335,1,0,0,0,1523.71142
350.796333,1,0,0,0,1523.71123
350.996331,1,0,0,0,1523.71142
351.196329,1,0,0,0,1523.71331
351.396327,1,0,0,0,1523.71331
351.596324,1,0,0,0,1523.71142
351.796322,1,0,0,0,1523.71312
351.99632,1,0,0,0,1523.71142
352.196318,1,0,0,0,1523.71331
352.396316,1,0,0,0,1523.71161
352.596314,1,0,0,0,1523.71123
352.796312,1,0,0,0,1523.71123
352.99631,1,0,0,0,1523.71142
353.196308,1,0,0,0,1523.7135
353.396306,1,0,0,0,1523.71331
353.596304,1,0,0,0,1523.70953
353.796302,1,0,0,0,1523.71312
353.9963,1,0,0,0,1523.71312
354.196297,1,0,0,0,1523.71312
354.396295,1,0,0,0,1523.71161
354.596293,1,0,0,0,1523.71331
354.796291,1,0,0,0,1523.71312
354.996289,1,0,0,0,1523.71293
355.196287,1,0,0,0,1523.71161
355.396285,1,0,0,0,1523.71142
355.596283,1,0,0,0,1523.71501
355.796281,1,0,0,0,1523.71501
355.996279,1,0,0,0,1523.7135
356.196276,1,0,0,0,1523.71312
356.396274,1,0,0,0,1523.71312
356.596272,1,0,0,0,1523.7135
356.79627,1,0,0,0,1523.71142
356.996268,1,0,0,0,1523.71331
357.196266,1,0,0,0,1523.71331
357.396264,1,0,0,0,1523.71331
357.596262,1,0,0,0,1523.71312
357.79626,1,0,0,0,1523.7152
357.996258,1,0,0,0,1523.71331
358.196256,1,0,0,0,1523.71312
358.396254,1,0,0,0,1523.71501
358.596251,1,0,0,0,1523.71501
358.79625,1,0,0,0,1523.7152
358.996247,1,0,0,0,1523.71331
359.196245,1,0,0,0,1523.71312
359.396243,1,0,0,0,1523.71501
359.596241,1,0,0,0,1523.7152
359.796239,1,0,0,0,1523.71124
359.996237,1,0,0,0,1523.71501
360.196235,1,0,0,0,1523.7152
360.396233,1,0,0,0,1523.71331
360.596231,1,0,0,0,1523.71539
360.796228,1,0,0,0,1523.7135
360.996227,1,0,0,0,1523.71331
361.196224,1,0,0,0,1523.71312
361.396223,1,0,0,0,1523.71501
361.59622,1,0,0,0,1523.71501
361.796218,1,0,0,0,1523.71331
361.996216,1,0,0,0,1523.71312
362.196214,1,0,0,0,1523.71312
362.396212,1,0,0,0,1523.7152
362.59621,1,0,0,0,1523.71331
362.796208,1,0,0,0,1523.71331
362.996206,1,0,0,0,1523.7135
363.196203,1,0,0,0,1523.71331
363.396201,1,0,0,0,1523.7152
363.596199,1,0,0,0,1523.71482
363.796197,1,0,0,0,1523.71312
363.996195,1,0,0,0,1523.71312
364.196193,1,0,0,0,1523.71501
364.396191,1,0,0,0,1523.71332
364.596189,1,0,0,0,1523.7152
364.796187,1,0,0,0,1523.71502
364.996185,1,0,0,0,1523.71332
365.196182,1,0,0,0,1523.71502
365.39618,1,0,0,0,1523.71502
365.596179,1,0,0,0,1523.71502
365.796176,1,0,0,0,1523.71332
365.996174,1,0,0,0,1523.71502
366.196172,1,0,0,0,1523.7152
366.39617,1,0,0,0,1523.7152
366.596168,1,0,0,0,1523.71313
366.796166,1,0,0,0,1523.71332
366.996164,1,0,0,0,1523.7152
367.196162,1,0,0,0,1523.71332
367.39616,1,0,0,0,1523.71539
367.596158,1,0,0,0,1523.7169
367.796155,1,0,0,0,1523.71332
367.996153,1,0,0,0,1523.71501
368.196151,1,0,0,0,1523.71332
368.396149,1,0,0,0,1523.71332
368.596147,1,0,0,0,1523.71539
368.796145,1,0,0,0,1523.71332
368.996143,1,0,0,0,1523.7152
369.196141,1,0,0,0,1523.71351
369.396139,1,0,0,0,1523.71671
369.596137,1,0,0,0,1523.7169
369.796135,1,0,0,0,1523.71483
369.996133,1,0,0,0,1523.71502
370.19613,1,0,0,0,1523.71351
370.396128,1,0,0,0,1523.71709
370.596126,1,0,0,0,1523.7169
370.796124,1,0,0,0,1523.71521
370.996122,1,0,0,0,1523.71672
371.19612,1,0,0,0,1523.71502
371.396118,1,0,0,0,1523.71521
371.596116,1,0,0,0,1523.7154
371.796113,1,0,0,0,1523.7186
371.996112,1,0,0,0,1523.71672
372.19611,1,0,0,0,1523.71502
372.396107,1,0,0,0,1523.71521
372.596106,1,0,0,0,1523.7169
372.796103,1,0,0,0,1523.71672
372.996101,1,0,0,0,1523.71672
373.196099,1,0,0,0,1523.71521
373.396097,1,0,0,0,1523.71709
373.596095,1,0,0,0,1523.71539
373.796093,1,0,0,0,1523.71521
373.996091,1,0,0,0,1523.71672
374.196089,1,0,0,0,1523.71502
374.396086,1,0,0,0,1523.71691
374.596084,1,0,0,0,1523.71841
374.796082,1,0,0,0,1523.7186
374.996081,1,0,0,0,1523.7169
375.196078,1,0,0,0,1523.71672
375.396076,1,0,0,0,1523.7169
375.596074,1,0,0,0,1523.7169
375.796072,1,0,0,0,1523.71521
375.99607,1,0,0,0,1523.71653
376.196068,1,0,0,0,1523.7152
376.396066,1,0,0,0,1523.71879
376.596064,1,0,0,0,1523.71539
376.796062,1,0,0,0,1523.7152
376.996059,1,0,0,0,1523.71671
377.196057,1,0,0,0,1523.7186
377.396055,1,0,0,0,1523.7169
377.596053,1,0,0,0,1523.7169
377.796051,1,0,0,0,1523.71502
377.996049,1,0,0,0,1523.7169
378.196047,1,0,0,0,1523.71502
378.396045,1,0,0,0,1523.71671
378.596043,1,0,0,0,1523.71539
378.796041,1,0,0,0,1523.7152
378.996038,1,0,0,0,1523.7169
379.196036,1,0,0,0,1523.71879
379.396034,1,0,0,0,1523.71539
379.596032,1,0,0,0,1523.71879
379.79603,1,0,0,0,1523.7186
379.996028,1,0,0,0,1523.71671
380.196026,1,0,0,0,1523.7186
380.396024,1,0,0,0,1523.71879
380.596022,1,0,0,0,1523.71879
380.79602,1,0,0,0,1523.71879
380.996018,1,0,0,0,1523.7152
381.196016,1,0,0,0,1523.7169
381.396013,1,0,0,0,1523.7169
381.596011,1,0,0,0,1523.7169
381.796009,1,0,0,0,1523.7169
381.996007,1,0,0,0,1523.7135
382.196005,1,0,0,0,1523.7152
382.396003,1,0,0,0,1523.71671
382.596001,1,0,0,0,1523.71879
382.795999,1,0,0,0,1523.7186
382.995997,1,0,0,0,1523.7186
383.195995,1,0,0,0,1523.72049
383.395993,1,0,0,0,1523.7169
383.595991,1,0,0,0,1523.7186
383.795989,1,0,0,0,1523.7186
383.995986,1,0,0,0,1523.71879
384.195984,1,0,0,0,1523.7169
384.395982,1,0,0,0,1523.71879
384.59598,1,0,0,0,1523.72067
384.795978,1,0,0,0,1523.7203
384.995976,1,0,0,0,1523.7169
385.195974,1,0,0,0,1523.7186
385.395972,1,0,0,0,1523.7169
385.59597,1,0,0,0,1523.72048
385.795968,1,0,0,0,1523.71671
385.995965,1,0,0,0,1523.71671
386.195963,1,0,0,0,1523.71671
386.395962,1,0,0,0,1523.7186
386.595959,1,0,0,0,1523.72086
386.795957,1,0,0,0,1523.7186
386.995955,1,0,0,0,1523.7186
387.195953,1,0,0,0,1523.7186
387.395951,1,0,0,0,1523.72049
387.595949,1,0,0,0,1523.71671
387.795947,1,0,0,0,1523.71879
387.995944,1,0,0,0,1523.71709
388.195942,1,0,0,0,1523.71671
388.395941,1,0,0,0,1523.71879
388.595938,1,0,0,0,1523.71671
388.795936,1,0,0,0,1523.72067
388.995934,1,0,0,0,1523.7169
389.195932,1,0,0,0,1523.7169
389.39593,1,0,0,0,1523.7186
389.595928,1,0,0,0,1523.72048
389.795926,1,0,0,0,1523.72048
389.995924,1,0,0,0,1523.72067
390.195922,1,0,0,0,1523.71879
390.39592,1,0,0,0,1523.71897
390.595918,1,0,0,0,1523.72199
390.795915,1,0,0,0,1523.71879
390.995914,1,0,0,0,1523.71879
391.195911,1,0,0,0,1523.71879
391.395909,1,0,0,0,1523.72049
391.595907,1,0,0,0,1523.72049
391.795905,1,0,0,0,1523.72218
391.995903,1,0,0,0,1523.7186
392.195901,1,0,0,0,1523.72237
392.395899,1,0,0,0,1523.7169
392.595896,1,0,0,0,1523.71841
392.795895,1,0,0,0,1523.71859
392.995893,1,0,0,0,1523.71859
393.19589,1,0,0,0,1523.71878
393.395888,1,0,0,0,1523.71897
393.595886,1,0,0,0,1523.71859
393.795884,1,0,0,0,1523.7169
393.995882,1,0,0,0,1523.71859
394.19588,1,0,0,0,1523.71859
394.395878,1,0,0,0,1523.7169
394.595876,1,0,0,0,1523.71859
394.795874,1,0,0,0,1523.71708
394.995872,1,0,0,0,1523.7169
395.195869,1,0,0,0,1523.71671
395.395867,1,0,0,0,1523.7169
395.595865,1,0,0,0,1523.7169
395.795863,1,0,0,0,1523.71708
395.995861,1,0,0,0,1523.71878
396.195859,1,0,0,0,1523.71859
396.395857,1,0,0,0,1523.71859
396.595855,1,0,0,0,1523.71859
396.795853,1,0,0,0,1523.71859
396.995851,1,0,0,0,1523.71878
397.195848,1,0,0,0,1523.71878
397.395847,1,0,0,0,1523.71501
397.595844,1,0,0,0,1523.71539
397.795842,1,0,0,0,1523.7169
397.99584,1,0,0,0,1523.7152
398.195838,1,0,0,0,1523.7152
398.395836,1,0,0,0,1523.7152
398.595834,1,0,0,0,1523.71539
398.795832,1,0,0,0,1523.71709
398.99583,1,0,0,0,1523.71652
399.195828,1,0,0,0,1523.72067
399.395826,1,0,0,0,1523.71331
399.595824,1,0,0,0,1523.71539
399.795822,1,0,0,0,1523.71671
399.995819,1,0,0,0,1523.7152
400.195817,1,0,0,0,1523.71538
400.395815,1,0,0,0,1523.71671
400.595813,1,0,0,0,1523.71671
400.795811,1,0,0,0,1523.71671
400.995809,1,0,0,0,1523.7152
401.195807,1,0,0,0,1523.7135
401.395805,1,0,0,0,1523.71671
401.595803,1,0,0,0,1523.71501
401.795801,1,0,0,0,1523.7169
401.995798,1,0,0,0,1523.71671
402.195796,1,0,0,0,1523.71652
402.395794,1,0,0,0,1523.71671
402.595792,1,0,0,0,1523.7152
402.79579,1,0,0,0,1523.71709
402.995788,1,0,0,0,1523.7152
403.195786,1,0,0,0,1523.7152
403.395784,1,0,0,0,1523.7152
403.595782,1,0,0,0,1523.71482
403.79578,1,0,0,0,1523.71124
403.995778,1,0,0,0,1523.71501
404.195776,1,0,0,0,1523.71331
404.395773,1,0,0,0,1523.71501
404.595771,1,0,0,0,1523.71331
404.795769,1,0,0,0,1523.71501
404.995767,1,0,0,0,1523.7169
405.195765,1,0,0,0,1523.71671
405.395763,1,0,0,0,1523.71671
405.595761,1,0,0,0,1523.71501
405.795759,1,0,0,0,1523.7152
405.995757,1,0,0,0,1523.71671
406.195755,1,0,0,0,1523.71671
406.395753,1,0,0,0,1523.71671
406.595751,1,0,0,0,1523.71501
406.795748,1,0,0,0,1523.71558
406.995746,1,0,0,0,1523.7152
407.195744,1,0,0,0,1523.71652
407.395742,1,0,0,0,1523.7152
407.59574,1,0,0,0,1523.71538
407.795738,1,0,0,0,1523.71671
407.995736,1,0,0,0,1523.71897
408.195734,1,0,0,0,1523.7152
408.395732,1,0,0,0,1523.7152
408.59573,1,0,0,0,1523.71671
408.795727,1,0,0,0,1523.71501
408.995725,1,0,0,0,1523.7169
409.195724,1,0,0,0,1523.7152
409.395721,1,0,0,0,1523.7169
409.595719,1,0,0,0,1523.71671
409.795717,1,0,0,0,1523.71671
409.995715,1,0,0,0,1523.71689
410.195713,1,0,0,0,1523.71519
410.395711,1,0,0,0,1523.71501
410.595709,1,0,0,0,1523.71652
410.795707,1,0,0,0,1523.7169
410.995705,1,0,0,0,1523.7169
411.195703,1,0,0,0,1523.71538
411.3957,1,0,0,0,1523.71331
411.595698,1,0,0,0,1523.71519
411.795696,1,0,0,0,1523.71519
411.995694,1,0,0,0,1523.71859
412.195692,1,0,0,0,1523.71482
412.39569,1,0,0,0,1523.71331
412.595688,1,0,0,0,1523.7152
412.795686,1,0,0,0,1523.71671
412.995684,1,0,0,0,1523.71652
413.195682,1,0,0,0,1523.71671
413.395679,1,0,0,0,1523.7169
413.595677,1,0,0,0,1523.71331
413.795675,1,0,0,0,1523.7169
413.995673,1,0,0,0,1523.71671
414.195671,1,0,0,0,1523.71671
414.395669,1,0,0,0,1523.71859
414.595667,1,0,0,0,1523.7169
414.795665,1,0,0,0,1523.71652
414.995663,1,0,0,0,1523.71501
415.195661,1,0,0,0,1523.7152
415.395659,1,0,0,0,1523.7169
415.595657,1,0,0,0,1523.7152
415.795655,1,0,0,0,1523.71859
415.995652,1,0,0,0,1523.71859
416.19565,1,0,0,0,1523.71859
416.395648,1,0,0,0,1523.71878
416.595646,1,0,0,0,1523.71859
416.795644,1,0,0,0,1523.71859
416.995642,1,0,0,0,1523.71689
417.19564,1,0,0,0,1523.71671
417.395638,1,0,0,0,1523.71897
417.595636,1,0,0,0,1523.71708
417.795634,1,0,0,0,1523.71708
417.995631,1,0,0,0,1523.71671
418.195629,1,0,0,0,1523.71859
418.395627,1,0,0,0,1523.71859
418.595625,1,0,0,0,1523.7152
418.795623,1,0,0,0,1523.72048
418.995621,1,0,0,0,1523.71859
419.195619,1,0,0,0,1523.71708
419.395617,1,0,0,0,1523.71708
419.595615,1,0,0,0,1523.71878
419.795613,1,0,0,0,1523.71878
419.995611,1,0,0,0,1523.71878
420.195609,1,0,0,0,1523.71538
420.395607,1,0,0,0,1523.71538
420.595604,1,0,0,0,1523.71859
420.795602,1,0,0,0,1523.71859
420.9956,1,0,0,0,1523.71878
421.195599,1,0,0,0,1523.7169
421.395596,1,0,0,0,1523.72067
421.595594,1,0,0,0,1523.71879
421.795592,1,0,0,0,1523.71671
421.99559,1,0,0,0,1523.7152
422.195588,1,0,0,0,1523.71879
422.395586,1,0,0,0,1523.71879
422.595584,1,0,0,0,1523.71879
422.795581,1,0,0,0,1523.71671
422.995579,1,0,0,0,1523.71879
423.195577,1,0,0,0,1523.71879
423.395575,1,0,0,0,1523.71879
423.595573,1,0,0,0,1523.71841
423.795571,1,0,0,0,1523.71539
423.995569,1,0,0,0,1523.7169
424.195567,1,0,0,0,1523.72049
424.395565,1,0,0,0,1523.7169
424.595563,1,0,0,0,1523.71671
424.795561,1,0,0,0,1523.7186
424.995559,1,0,0,0,1523.7186
425.195556,1,0,0,0,1523.7186
425.395554,1,0,0,0,1523.7186
425.595552,1,0,0,0,1523.72068
425.79555,1,0,0,0,1523.71879
425.995548,1,0,0,0,1523.71879
426.195546,1,0,0,0,1523.7169
426.395544,1,0,0,0,1523.71709
426.595542,1,0,0,0,1523.71879
426.79554,1,0,0,0,1523.71879
426.995538,1,0,0,0,1523.7186
427.195536,1,0,0,0,1523.7186
427.395534,1,0,0,0,1523.7186
427.595531,1,0,0,0,1523.7169
427.795529,1,0,0,0,1523.7169
427.995528,1,0,0,0,1523.7186
428.195525,1,0,0,0,1523.71671
428.395523,1,0,0,0,1523.71841
428.595521,1,0,0,0,1523.7186
428.795519,1,0,0,0,1523.71521
428.995517,1,0,0,0,1523.71672
429.195515,1,0,0,0,1523.7186
429.395513,1,0,0,0,1523.71691
429.59551,1,0,0,0,1523.71672
429.795508,1,0,0,0,1523.7154
429.995506,1,0,0,0,1523.71521
430.195504,1,0,0,0,1523.71691
430.395502,1,0,0,0,1523.71672
430.5955,1,0,0,0,1523.7188
430.795498,1,0,0,0,1523.7188
430.995496,1,0,0,0,1523.71709
431.195494,1,0,0,0,1523.7188
431.395492,1,0,0,0,1523.71691
431.59549,1,0,0,0,1523.71691
431.795488,1,0,0,0,1523.71691
431.995486,1,0,0,0,1523.7169
432.195483,1,0,0,0,1523.71879
432.395481,1,0,0,0,1523.7169
432.595479,1,0,0,0,1523.7169
432.795477,1,0,0,0,1523.7169
432.995475,1,0,0,0,1523.7169
433.195473,1,0,0,0,1523.7169
433.395471,1,0,0,0,1523.7186
433.595469,1,0,0,0,1523.71898
433.795467,1,0,0,0,1523.72049
433.995465,1,0,0,0,1523.71898
434.195462,1,0,0,0,1523.7186
434.395461,1,0,0,0,1523.7186
434.595458,1,0,0,0,1523.71672
434.795456,1,0,0,0,1523.72049
434.995454,1,0,0,0,1523.7203
435.195452,1,0,0,0,1523.7186
435.39545,1,0,0,0,1523.72068
435.595448,1,0,0,0,1523.71879
435.795446,1,0,0,0,1523.7186
435.995444,1,0,0,0,1523.72049
436.195442,1,0,0,0,1523.72049
436.39544,1,0,0,0,1523.71898
436.595438,1,0,0,0,1523.72068
436.795436,1,0,0,0,1523.7186
436.995433,1,0,0,0,1523.71898
437.195431,1,0,0,0,1523.71691
437.395429,1,0,0,0,1523.7186
437.595427,1,0,0,0,1523.7186
437.795425,1,0,0,0,1523.7203
437.995423,1,0,0,0,1523.72068
438.195421,1,0,0,0,1523.72049
438.395419,1,0,0,0,1523.7186
438.595417,1,0,0,0,1523.72068
438.795414,1,0,0,0,1523.71879
438.995413,1,0,0,0,1523.72049
439.19541,1,0,0,0,1523.71879
439.395408,1,0,0,0,1523.72068
439.595406,1,0,0,0,1523.71898
439.795404,1,0,0,0,1523.72068
439.995402,1,0,0,0,1523.71898
440.1954,1,0,0,0,1523.7186
440.395398,1,0,0,0,1523.72049
440.595396,1,0,0,0,1523.7188
440.795394,1,0,0,0,1523.72238
440.995392,1,0,0,0,1523.72087
441.19539,1,0,0,0,1523.72087
441.395387,1,0,0,0,1523.7188
441.595385,1,0,0,0,1523.7186
441.795384,1,0,0,0,1523.72087
441.995381,1,0,0,0,1523.7188
442.195379,1,0,0,0,1523.7205
442.395377,1,0,0,0,1523.7205
442.595375,1,0,0,0,1523.72068
442.795373,1,0,0,0,1523.72238
442.995371,1,0,0,0,1523.72087
443.195369,1,0,0,0,1523.72049
443.395367,1,0,0,0,1523.7205
443.595364,1,0,0,0,1523.7205
443.795362,1,0,0,0,1523.7205
443.99536,1,0,0,0,1523.72068
444.195359,1,0,0,0,1523.72238
444.395356,1,0,0,0,1523.7188
444.595354,1,0,0,0,1523.72068
444.795352,1,0,0,0,1523.7188
444.99535,1,0,0,0,1523.72068
445.195348,1,0,0,0,1523.7188
445.395346,1,0,0,0,1523.72068
445.595344,1,0,0,0,1523.71691
445.795341,1,0,0,0,1523.7186
445.995339,1,0,0,0,1523.7186
446.195338,1,0,0,0,1523.7203
446.395335,1,0,0,0,1523.7188
446.595333,1,0,0,0,1523.7171
446.795331,1,0,0,0,1523.72087
446.995329,1,0,0,0,1523.72068
447.195327,1,0,0,0,1523.72068
447.395325,1,0,0,0,1523.72238
447.595323,1,0,0,0,1523.7205
447.795321,1,0,0,0,1523.71899
447.995318,1,0,0,0,1523.7205
448.195317,1,0,0,0,1523.72219
448.395315,1,0,0,0,1523.72049
448.595312,1,0,0,0,1523.7203
448.79531,1,0,0,0,1523.71898
448.995308,1,0,0,0,1523.72068
449.195306,1,0,0,0,1523.72068
449.395304,1,0,0,0,1523.72238
449.595302,1,0,0,0,1523.72031
449.7953,1,0,0,0,1523.71861
449.995298,1,0,0,0,1523.7222
450.195296,1,0,0,0,1523.72069
450.395294,1,0,0,0,1523.72069
450.595292,1,0,0,0,1523.71899
450.795289,1,0,0,0,1523.72068
450.995287,1,0,0,0,1523.72068
451.195285,1,0,0,0,1523.7205
451.395283,1,0,0,0,1523.7205
451.595281,1,0,0,0,1523.72068
451.795279,1,0,0,0,1523.71917
451.995277,1,0,0,0,1523.72219
452.195275,1,0,0,0,1523.7205
452.395273,1,0,0,0,1523.72238
452.595271,1,0,0,0,1523.72087
452.795269,1,0,0,0,1523.72069
452.995266,1,0,0,0,1523.7205
453.195264,1,0,0,0,1523.72238
453.395262,1,0,0,0,1523.72069
453.59526,1,0,0,0,1523.72238
453.795258,1,0,0,0,1523.72238
453.995256,1,0,0,0,1523.72087
454.195254,1,0,0,0,1523.72238
454.395252,1,0,0,0,1523.7222
454.59525,1,0,0,0,1523.72238
454.795248,1,0,0,0,1523.72409
454.995245,1,0,0,0,1523.7188
455.195244,1,0,0,0,1523.7222
455.395241,1,0,0,0,1523.72409
455.595239,1,0,0,0,1523.72088
455.795237,1,0,0,0,1523.72238
455.995235,1,0,0,0,1523.72408
456.195233,1,0,0,0,1523.70955
456.395231,1,0,0,0,1523.71502
456.595229,1,0,0,0,1523.7154
456.795227,1,0,0,0,1523.71314
456.995225,1,0,0,0,1523.70389
457.195223,1,0,0,0,1523.71521
457.395221,1,0,0,0,1523.71691
457.595218,1,0,0,0,1523.73485
457.795216,1,0,0,0,1523.72805
457.995214,1,0,0,0,1523.72767
458.195212,1,0,0,0,1523.72069
458.39521,1,0,0,0,1523.75523
458.595208,1,0,0,0,1523.7407
458.795206,1,0,0,0,1523.77336
458.995204,1,0,0,0,1523.8013
459.195202,1,0,0,0,1523.8013
459.3952,1,0,0,0,1523.69841
459.595197,1,0,0,0,1523.75184
459.795195,1,0,0,0,1523.76977
459.995193,1,0,0,0,1523.739
460.195191,1,0,0,0,1523.7222
460.395189,1,0,0,0,1523.739
460.595187,1,0,0,0,1523.74806
460.795185,1,0,0,0,1523.73522
460.995183,1,0,0,0,1523.70974
461.195181,1,0,0,0,1523.7407
461.395179,1,0,0,0,1523.78412
461.595177,1,0,0,0,1523.75354
461.795175,1,0,0,0,1523.74976
461.995173,1,0,0,0,1523.70955
462.19517,1,0,0,0,1523.71672
462.395168,1,0,0,0,1523.71502
462.595166,1,0,0,0,1523.71314
462.795164,1,0,0,0,1523.71314
462.995162,1,0,0,0,1523.71521
463.19516,1,0,0,0,1523.71314
463.395158,1,0,0,0,1523.71521
463.595156,1,0,0,0,1523.71691
463.795154,1,0,0,0,1523.7154
463.995152,1,0,0,0,1523.71333
464.195149,1,0,0,0,1523.71672
464.395147,1,0,0,0,1523.71691
464.595145,1,0,0,0,1523.71502
464.795143,1,0,0,0,1523.71352
464.995141,1,0,0,0,1523.71861
465.195139,1,0,0,0,1523.7171
465.395137,1,0,0,0,1523.71521
465.595135,1,0,0,0,1523.71352
465.795133,1,0,0,0,1523.71521
465.995131,1,0,0,0,1523.7171
466.195129,1,0,0,0,1523.71673
466.395127,1,0,0,0,1523.7188
466.595124,1,0,0,0,1523.71673
466.795122,1,0,0,0,1523.71691
466.99512,1,0,0,0,1523.71861
467.195118,1,0,0,0,1523.71691
467.395116,1,0,0,0,1523.7188
467.595114,1,0,0,0,1523.7171
467.795112,1,0,0,0,1523.71673
467.99511,1,0,0,0,1523.7171
468.195108,1,0,0,0,1523.71691
468.395106,1,0,0,0,1523.7171
468.595104,1,0,0,0,1523.7188
468.795102,1,0,0,0,1523.71654
468.995099,1,0,0,0,1523.71521
469.195097,1,0,0,0,1523.7188
469.395095,1,0,0,0,1523.71673
469.595093,1,0,0,0,1523.71672
469.795091,1,0,0,0,1523.71861
469.995089,1,0,0,0,1523.71672
470.195087,1,0,0,0,1523.71691
470.395085,1,0,0,0,1523.71691
470.595083,1,0,0,0,1523.71691
470.795081,1,0,0,0,1523.71672
470.995079,1,0,0,0,1523.71691
471.195076,1,0,0,0,1523.7205
471.395075,1,0,0,0,1523.7171
471.595073,1,0,0,0,1523.7188
471.79507,1,0,0,0,1523.71899
471.995068,1,0,0,0,1523.7188
472.195066,1,0,0,0,1523.72069
472.395064,1,0,0,0,1523.71729
472.595062,1,0,0,0,1523.71861
472.79506,1,0,0,0,1523.7171
472.995058,1,0,0,0,1523.71861
473.195056,1,0,0,0,1523.71672
473.395054,1,0,0,0,1523.72069
473.595052,1,0,0,0,1523.71691
473.79505,1,0,0,0,1523.71691
473.995047,1,0,0,0,1523.71861
474.195045,1,0,0,0,1523.7171
474.395043,1,0,0,0,1523.71899
474.595041,1,0,0,0,1523.7188
474.795039,1,0,0,0,1523.71899
474.995037,1,0,0,0,1523.71691
475.195035,1,0,0,0,1523.7205
475.395033,1,0,0,0,1523.7188
475.595031,1,0,0,0,1523.71861
475.795029,1,0,0,0,1523.71861
475.995026,1,0,0,0,1523.7188
476.195024,1,0,0,0,1523.7188
476.395022,1,0,0,0,1523.7171
476.59502,1,0,0,0,1523.7171
476.795018,1,0,0,0,1523.71861
476.995016,1,0,0,0,1523.71861
477.195014,1,0,0,0,1523.72069
477.395012,1,0,0,0,1523.71691
477.59501,1,0,0,0,1523.71691
477.795008,1,0,0,0,1523.72031
477.995006,1,0,0,0,1523.7188
478.195004,1,0,0,0,1523.7171
478.395001,1,0,0,0,1523.7171
478.594999,1,0,0,0,1523.71861
478.794997,1,0,0,0,1523.71673
478.994995,1,0,0,0,1523.71691
479.194993,1,0,0,0,1523.71673
479.394991,1,0,0,0,1523.7188
479.594989,1,0,0,0,1523.71861
479.794987,1,0,0,0,1523.71861
479.994985,1,0,0,0,1523.71899
480.194983,1,0,0,0,1523.71861
480.394981,1,0,0,0,1523.7188
480.594979,1,0,0,0,1523.7188
480.794976,1,0,0,0,1523.7188
480.994974,1,0,0,0,1523.71673
481.194972,1,0,0,0,1523.7188
481.39497,1,0,0,0,1523.71692
481.594968,1,0,0,0,1523.71861
481.794966,1,0,0,0,1523.7188
481.994964,1,0,0,0,1523.71861
482.194962,1,0,0,0,1523.7188
482.39496,1,0,0,0,1523.7205
482.594958,1,0,0,0,1523.72088
482.794955,1,0,0,0,1523.7188
482.994953,1,0,0,0,1523.72069
483.194951,1,0,0,0,1523.71861
483.394949,1,0,0,0,1523.7188
483.594947,1,0,0,0,1523.71861
483.794945,1,0,0,0,1523.7188
483.994943,1,0,0,0,1523.7188
484.194941,1,0,0,0,1523.7222
484.394939,1,0,0,0,1523.7188
484.594937,1,0,0,0,1523.7188
484.794935,1,0,0,0,1523.7188
484.994933,1,0,0,0,1523.71861
485.194931,1,0,0,0,1523.7188
485.394928,1,0,0,0,1523.7188
485.594926,1,0,0,0,1523.71861
485.794924,1,0,0,0,1523.71899
485.994922,1,0,0,0,1523.7188
486.19492,1,0,0,0,1523.71861
486.394918,1,0,0,0,1523.72068
486.594916,1,0,0,0,1523.72068
486.794914,1,0,0,0,1523.72049
486.994912,1,0,0,0,1523.7188
487.19491,1,0,0,0,1523.72068
487.394907,1,0,0,0,1523.72049
487.594905,1,0,0,0,1523.7188
487.794903,1,0,0,0,1523.72049
487.994901,1,0,0,0,1523.7203
488.194899,1,0,0,0,1523.72068
488.394897,1,0,0,0,1523.7188
488.594895,1,0,0,0,1523.722
488.794893,1,0,0,0,1523.71898
488.994891,1,0,0,0,1523.7186
489.194889,1,0,0,0,1523.72087
489.394887,1,0,0,0,1523.72068
489.594885,1,0,0,0,1523.72238
489.794883,1,0,0,0,1523.7188
489.99488,1,0,0,0,1523.72049
490.194878,1,0,0,0,1523.72049
490.394876,1,0,0,0,1523.72049
490.594874,1,0,0,0,1523.7188
490.794872,1,0,0,0,1523.72049
490.99487,1,0,0,0,1523.72049
491.194868,1,0,0,0,1523.7186
491.394866,1,0,0,0,1523.72238
491.594864,1,0,0,0,1523.72068
491.794862,1,0,0,0,1523.72049
491.99486,1,0,0,0,1523.72049
492.194857,1,0,0,0,1523.72049
492.394855,1,0,0,0,1523.72049
492.594853,1,0,0,0,1523.71898
492.794851,1,0,0,0,1523.72408
492.994849,1,0,0,0,1523.72068
493.194847,1,0,0,0,1523.72068
493.394845,1,0,0,0,1523.71879
493.594843,1,0,0,0,1523.72068
493.794841,1,0,0,0,1523.72049
493.994839,1,0,0,0,1523.7186
494.194837,1,0,0,0,1523.72238
494.394835,1,0,0,0,1523.72087
494.594832,1,0,0,0,1523.71898
494.79483,1,0,0,0,1523.72219
494.994828,1,0,0,0,1523.71879
495.194826,1,0,0,0,1523.7186
495.394824,1,0,0,0,1523.71709
495.594822,1,0,0,0,1523.71879
495.79482,1,0,0,0,1523.71898
495.994818,1,0,0,0,1523.72049
496.194816,1,0,0,0,1523.72068
496.394814,1,0,0,0,1523.71879
496.594811,1,0,0,0,1523.72049
496.794809,1,0,0,0,1523.71898
496.994807,1,0,0,0,1523.72049
497.194805,1,0,0,0,1523.71879
497.394804,1,0,0,0,1523.72049
497.594801,1,0,0,0,1523.71879
497.794799,1,0,0,0,1523.7186
497.994797,1,0,0,0,1523.7169
498.194795,1,0,0,0,1523.72068
498.394793,1,0,0,0,1523.72049
498.594791,1,0,0,0,1523.7188
498.794789,1,0,0,0,1523.7188
498.994787,1,0,0,0,1523.72049
499.194784,1,0,0,0,1523.72068
499.394782,1,0,0,0,1523.72049
499.59478,1,0,0,0,1523.7188
499.794778,1,0,0,0,1523.72049
499.994776,1,0,0,0,1523.71879
500.194774,1,0,0,0,1523.71879
500.394772,1,0,0,0,1523.72068
500.59477,1,0,0,0,1523.72049
500.794768,1,0,0,0,1523.72068
500.994766,1,0,0,0,1523.72049
501.194763,1,0,0,0,1523.72087
501.394762,1,0,0,0,1523.71879
501.594759,1,0,0,0,1523.71879
501.794757,1,0,0,0,1523.72049
501.994756,1,0,0,0,1523.71879
502.194753,1,0,0,0,1523.71879
502.394751,1,0,0,0,1523.72049
502.594749,1,0,0,0,1523.72068
502.794747,1,0,0,0,1523.71709
502.994745,1,0,0,0,1523.72068
503.194743,1,0,0,0,1523.72049
503.394741,1,0,0,0,1523.71879
503.594738,1,0,0,0,1523.71898
503.794737,1,0,0,0,1523.71879
503.994735,1,0,0,0,1523.71879
504.194732,1,0,0,0,1523.7169
504.39473,1,0,0,0,1523.722
504.594728,1,0,0,0,1523.72049
504.794726,1,0,0,0,1523.71879
504.994724,1,0,0,0,1523.7186
505.194722,1,0,0,0,1523.72068
505.39472,1,0,0,0,1523.72068
505.594718,1,0,0,0,1523.7169
505.794716,1,0,0,0,1523.72049
505.994714,1,0,0,0,1523.72049
506.194711,1,0,0,0,1523.7186
506.394709,1,0,0,0,1523.7186
506.594707,1,0,0,0,1523.71879
506.794705,1,0,0,0,1523.72086
506.994703,1,0,0,0,1523.71879
507.194701,1,0,0,0,1523.71898
507.394699,1,0,0,0,1523.71879
507.594697,1,0,0,0,1523.72048
507.794695,1,0,0,0,1523.71879
507.994693,1,0,0,0,1523.71897
508.19469,1,0,0,0,1523.72048
508.394688,1,0,0,0,1523.72048
508.594687,1,0,0,0,1523.72067
508.794684,1,0,0,0,1523.72048
508.994682,1,0,0,0,1523.71879
509.19468,1,0,0,0,1523.72067
509.394678,1,0,0,0,1523.72048
509.594676,1,0,0,0,1523.7186
509.794674,1,0,0,0,1523.71879
509.994672,1,0,0,0,1523.72067
510.19467,1,0,0,0,1523.71879
510.394668,1,0,0,0,1523.72067
510.594666,1,0,0,0,1523.72218
510.794663,1,0,0,0,1523.7186
510.994661,1,0,0,0,1523.71897
511.194659,1,0,0,0,1523.71879
511.394657,1,0,0,0,1523.72048
511.594655,1,0,0,0,1523.71879
511.794653,1,0,0,0,1523.71879
511.994651,1,0,0,0,1523.71879
512.194649,1,0,0,0,1523.72048
512.394647,1,0,0,0,1523.71671
512.594645,1,0,0,0,1523.7169
512.794642,1,0,0,0,1523.71897
512.994641,1,0,0,0,1523.72048
513.194638,1,0,0,0,1523.7186
513.394636,1,0,0,0,1523.71671
513.594635,1,0,0,0,1523.71879
513.794632,1,0,0,0,1523.71879
513.99463,1,0,0,0,1523.72048
514.194628,1,0,0,0,1523.72029
514.394626,1,0,0,0,1523.7169
514.594624,1,0,0,0,1523.7169
514.794622,1,0,0,0,1523.7169
514.99462,1,0,0,0,1523.71879
515.194618,1,0,0,0,1523.71879
515.394615,1,0,0,0,1523.72048
515.594614,1,0,0,0,1523.71879
515.794611,1,0,0,0,1523.7203
515.994609,1,0,0,0,1523.71709
516.194607,1,0,0,0,1523.71879
516.394605,1,0,0,0,1523.72067
516.594603,1,0,0,0,1523.7186
516.794601,1,0,0,0,1523.71879
516.994599,1,0,0,0,1523.72049
517.194597,1,0,0,0,1523.7186
517.394595,1,0,0,0,1523.72068
517.594593,1,0,0,0,1523.71879
517.79459,1,0,0,0,1523.71841
517.994588,1,0,0,0,1523.7186
518.194587,1,0,0,0,1523.72049
518.394584,1,0,0,0,1523.71879
518.594582,1,0,0,0,1523.71879
518.79458,1,0,0,0,1523.71879
518.994578,1,0,0,0,1523.71879
519.194576,1,0,0,0,1523.72068
519.394574,1,0,0,0,1523.72238
519.594572,1,0,0,0,1523.722
519.79457,1,0,0,0,1523.72238
519.994568,1,0,0,0,1523.7186
520.194566,1,0,0,0,1523.7186
520.394563,1,0,0,0,1523.72049
520.594561,1,0,0,0,1523.72067
520.794559,1,0,0,0,1523.72219
520.994557,1,0,0,0,1523.72049
521.194555,1,0,0,0,1523.72049
521.394553,1,0,0,0,1523.722
521.594551,1,0,0,0,1523.72068
521.794549,1,0,0,0,1523.72219
521.994547,1,0,0,0,1523.71879
522.194545,1,0,0,0,1523.72049
522.394542,1,0,0,0,1523.72068
522.59454,1,0,0,0,1523.71879
522.794538,1,0,0,0,1523.72067
522.994536,1,0,0,0,1523.72086
523.194534,1,0,0,0,1523.7186
523.394532,1,0,0,0,1523.72219
523.59453,1,0,0,0,1523.72067
523.794528,1,0,0,0,1523.72219
523.994526,1,0,0,0,1523.72067
524.194524,1,0,0,0,1523.72219
524.394522,1,0,0,0,1523.72049
524.59452,1,0,0,0,1523.72067
524.794518,1,0,0,0,1523.71898
524.994515,1,0,0,0,1523.72388
525.194513,1,0,0,0,1523.72237
525.394511,1,0,0,0,1523.7203
525.594509,1,0,0,0,1523.72219
525.794507,1,0,0,0,1523.72237
525.994505,1,0,0,0,1523.72067
526.194503,1,0,0,0,1523.72086
526.394501,1,0,0,0,1523.72219
526.594499,1,0,0,0,1523.72067
526.794497,1,0,0,0,1523.71898
526.994494,1,0,0,0,1523.72068
527.194493,1,0,0,0,1523.72219
527.39449,1,0,0,0,1523.72049
527.594488,1,0,0,0,1523.722
527.794486,1,0,0,0,1523.72068
527.994484,1,0,0,0,1523.72219
528.194482,1,0,0,0,1523.72049
528.39448,1,0,0,0,1523.72219
528.594478,1,0,0,0,1523.72068
528.794476,1,0,0,0,1523.71898
528.994474,1,0,0,0,1523.71898
529.194472,1,0,0,0,1523.7186
529.394469,1,0,0,0,1523.7186
529.594468,1,0,0,0,1523.72219
529.794465,1,0,0,0,1523.72049
529.994463,1,0,0,0,1523.72067
530.194461,1,0,0,0,1523.72048
530.394459,1,0,0,0,1523.72218
530.594457,1,0,0,0,1523.71859
530.794455,1,0,0,0,1523.72067
530.994453,1,0,0,0,1523.72067
531.194451,1,0,0,0,1523.72086
531.394449,1,0,0,0,1523.72067
531.594447,1,0,0,0,1523.72218
531.794444,1,0,0,0,1523.72086
531.994442,1,0,0,0,1523.72086
532.19444,1,0,0,0,1523.72029
532.394438,1,0,0,0,1523.72048
532.594436,1,0,0,0,1523.72426
532.794434,1,0,0,0,1523.72237
532.994432,1,0,0,0,1523.72237
533.19443,1,0,0,0,1523.72237
533.394428,1,0,0,0,1523.72048
533.594426,1,0,0,0,1523.72086
533.794424,1,0,0,0,1523.72237
533.994421,1,0,0,0,1523.72237
534.194419,1,0,0,0,1523.72218
534.394417,1,0,0,0,1523.72048
534.594415,1,0,0,0,1523.72029
534.794413,1,0,0,0,1523.72237
534.994411,1,0,0,0,1523.72237
535.194409,1,0,0,0,1523.72067
535.394407,1,0,0,0,1523.72218
535.594405,1,0,0,0,1523.72218
535.794403,1,0,0,0,1523.72086
535.994401,1,0,0,0,1523.72218
536.194399,1,0,0,0,1523.72237
536.394397,1,0,0,0,1523.72218
536.594395,1,0,0,0,1523.71878
536.794392,1,0,0,0,1523.72067
536.99439,1,0,0,0,1523.72218
537.194388,1,0,0,0,1523.72218
537.394386,1,0,0,0,1523.72218
537.594384,1,0,0,0,1523.72067
537.794382,1,0,0,0,1523.72237
537.99438,1,0,0,0,1523.72067
538.194378,1,0,0,0,1523.72218
538.394376,1,0,0,0,1523.72067
538.594374,1,0,0,0,1523.72218
538.794372,1,0,0,0,1523.71897
538.994369,1,0,0,0,1523.72407
539.194367,1,0,0,0,1523.72218
539.394365,1,0,0,0,1523.72067
539.594363,1,0,0,0,1523.72407
539.794361,1,0,0,0,1523.72218
539.994359,1,0,0,0,1523.72067
540.194357,1,0,0,0,1523.72048
540.394355,1,0,0,0,1523.72615
540.594353,1,0,0,0,1523.72237
540.794351,1,0,0,0,1523.72218
540.994349,1,0,0,0,1523.72237
541.194346,1,0,0,0,1523.72426
541.394344,1,0,0,0,1523.72426
541.594342,1,0,0,0,1523.72426
541.79434,1,0,0,0,1523.72218
541.994338,1,0,0,0,1523.72218
542.194336,1,0,0,0,1523.72407
542.394334,1,0,0,0,1523.72067
542.594332,1,0,0,0,1523.72237
542.79433,1,0,0,0,1523.72274
542.994328,1,0,0,0,1523.72595
543.194326,1,0,0,0,1523.72406
543.394324,1,0,0,0,1523.72237
543.594321,1,0,0,0,1523.72274
543.794319,1,0,0,0,1523.72237
543.994317,1,0,0,0,1523.72388
544.194315,1,0,0,0,1523.72218
544.394313,1,0,0,0,1523.72218
544.594311,1,0,0,0,1523.72237
544.794309,1,0,0,0,1523.72199
544.994307,1,0,0,0,1523.72218
545.194305,1,0,0,0,1523.72067
545.394303,1,0,0,0,1523.72086
545.594301,1,0,0,0,1523.71878
545.794298,1,0,0,0,1523.72237
545.994296,1,0,0,0,1523.72218
546.194294,1,0,0,0,1523.72218
546.394292,1,0,0,0,1523.72067
546.59429,1,0,0,0,1523.72067
546.794288,1,0,0,0,1523.72218
546.994286,1,0,0,0,1523.72048
547.194284,1,0,0,0,1523.72048
547.394282,1,0,0,0,1523.72218
547.59428,1,0,0,0,1523.72218
547.794277,1,0,0,0,1523.72067
547.994276,1,0,0,0,1523.72199
548.194273,1,0,0,0,1523.72199
548.394271,1,0,0,0,1523.72237
548.594269,1,0,0,0,1523.72048
548.794267,1,0,0,0,1523.72237
548.994265,1,0,0,0,1523.72237
549.194263,1,0,0,0,1523.72218
549.394261,1,0,0,0,1523.72218
549.594259,1,0,0,0,1523.72237
549.794257,1,0,0,0,1523.72237
549.994255,1,0,0,0,1523.72237
550.194253,1,0,0,0,1523.72237
550.39425,1,0,0,0,1523.72237
550.594248,1,0,0,0,1523.72237
550.794246,1,0,0,0,1523.72237
550.994244,1,0,0,0,1523.72067
551.194242,1,0,0,0,1523.72218
551.39424,1,0,0,0,1523.72426
551.594238,1,0,0,0,1523.72218
551.794236,1,0,0,0,1523.72407
551.994234,1,0,0,0,1523.72426
552.194232,1,0,0,0,1523.72048
552.39423,1,0,0,0,1523.72219
552.594228,1,0,0,0,1523.72407
552.794226,1,0,0,0,1523.72237
552.994223,1,0,0,0,1523.72275
553.194221,1,0,0,0,1523.72407
553.394219,1,0,0,0,1523.72596
553.594217,1,0,0,0,1523.72237
553.794215,1,0,0,0,1523.72237
553.994213,1,0,0,0,1523.72596
554.194211,1,0,0,0,1523.72218
554.394209,1,0,0,0,1523.72218
554.594207,1,0,0,0,1523.72407
554.794205,1,0,0,0,1523.72407
554.994202,1,0,0,0,1523.72237
555.194201,1,0,0,0,1523.72237
555.394198,1,0,0,0,1523.72596
555.594196,1,0,0,0,1523.72407
555.794194,1,0,0,0,1523.72615
555.994192,1,0,0,0,1523.72407
556.19419,1,0,0,0,1523.72426
556.394188,1,0,0,0,1523.72406
556.594186,1,0,0,0,1523.72406
556.794184,1,0,0,0,1523.72614
556.994182,1,0,0,0,1523.72614
557.19418,1,0,0,0,1523.72426
557.394177,1,0,0,0,1523.72407
557.594175,1,0,0,0,1523.72407
557.794173,1,0,0,0,1523.72426
557.994171,1,0,0,0,1523.72426
558.194169,1,0,0,0,1523.72615
558.394167,1,0,0,0,1523.72426
558.594165,1,0,0,0,1523.72596
558.794163,1,0,0,0,1523.72426
558.994161,1,0,0,0,1523.72407
559.194159,1,0,0,0,1523.72577
559.394157,1,0,0,0,1523.72407
559.594155,1,0,0,0,1523.72577
559.794152,1,0,0,0,1523.72614
559.99415,1,0,0,0,1523.72614
560.194148,1,0,0,0,1523.72426
560.394146,1,0,0,0,1523.72614
560.594144,1,0,0,0,1523.72614
560.794142,1,0,0,0,1523.72407
560.99414,1,0,0,0,1523.72614
561.194138,1,0,0,0,1523.72407
561.394136,1,0,0,0,1523.72237
561.594134,1,0,0,0,1523.72426
561.794132,1,0,0,0,1523.72218
561.99413,1,0,0,0,1523.72407
562.194128,1,0,0,0,1523.72425
562.394125,1,0,0,0,1523.72237
562.594123,1,0,0,0,1523.72237
562.794121,1,0,0,0,1523.72067
562.994119,1,0,0,0,1523.72388
563.194117,1,0,0,0,1523.72407
563.394115,1,0,0,0,1523.72237
563.594113,1,0,0,0,1523.72407
563.794111,1,0,0,0,1523.72237
563.994109,1,0,0,0,1523.72237
564.194107,1,0,0,0,1523.72275
564.394104,1,0,0,0,1523.72426
564.594102,1,0,0,0,1523.72407
564.7941,1,0,0,0,1523.72407
564.994098,1,0,0,0,1523.72218
565.194096,1,0,0,0,1523.72275
565.394094,1,0,0,0,1523.72407
565.594092,1,0,0,0,1523.72407
565.79409,1,0,0,0,1523.72237
565.994088,1,0,0,0,1523.72596
566.194086,1,0,0,0,1523.72614
566.394084,1,0,0,0,1523.72445
566.594082,1,0,0,0,1523.72614
566.794079,1,0,0,0,1523.72426
566.994077,1,0,0,0,1523.72388
567.194075,1,0,0,0,1523.72275
567.394073,1,0,0,0,1523.72407
567.594071,1,0,0,0,1523.72237
567.794069,1,0,0,0,1523.72407
567.994067,1,0,0,0,1523.72237
568.194065,1,0,0,0,1523.72218
568.394063,1,0,0,0,1523.72577
568.594061,1,0,0,0,1523.72407
568.794059,1,0,0,0,1523.72426
568.994056,1,0,0,0,1523.72615
569.194054,1,0,0,0,1523.72388
569.394052,1,0,0,0,1523.72388
569.59405,1,0,0,0,1523.72596
569.794048,1,0,0,0,1523.72426
569.994046,1,0,0,0,1523.72596
570.194044,1,0,0,0,1523.72596
570.394042,1,0,0,0,1523.72596
570.59404,1,0,0,0,1523.72426
570.794038,1,0,0,0,1523.72237
570.994036,1,0,0,0,1523.72615
571.194034,1,0,0,0,1523.72426
571.394032,1,0,0,0,1523.72615
571.594029,1,0,0,0,1523.72596
571.794027,1,0,0,0,1523.72426
571.994025,1,0,0,0,1523.72425
572.194023,1,0,0,0,1523.72595
572.394021,1,0,0,0,1523.72614
572.594019,1,0,0,0,1523.72595
572.794017,1,0,0,0,1523.72425
572.994015,1,0,0,0,1523.72595
573.194013,1,0,0,0,1523.72425
573.394011,1,0,0,0,1523.72595
573.594008,1,0,0,0,1523.72237
573.794007,1,0,0,0,1523.72595
573.994004,1,0,0,0,1523.72576
574.194002,1,0,0,0,1523.72444
574.394,1,0,0,0,1523.72595
574.593998,1,0,0,0,1523.72595
574.793996,1,0,0,0,1523.72614
574.993994,1,0,0,0,1523.72425
575.193992,1,0,0,0,1523.72595
575.39399,1,0,0,0,1523.72595
575.593988,1,0,0,0,1523.72425
575.793986,1,0,0,0,1523.72425
575.993984,1,0,0,0,1523.72595
576.193981,1,0,0,0,1523.72576
576.393979,1,0,0,0,1523.72765
576.593977,1,0,0,0,1523.72444
576.793975,1,0,0,0,1523.72595
576.993973,1,0,0,0,1523.72614
577.193971,1,0,0,0,1523.72746
577.393969,1,0,0,0,1523.72595
577.593967,1,0,0,0,1523.72444
577.793965,1,0,0,0,1523.72218
577.993963,1,0,0,0,1523.72406
578.193961,1,0,0,0,1523.72425
578.393959,1,0,0,0,1523.72388
578.593956,1,0,0,0,1523.72425
578.793954,1,0,0,0,1523.72425
578.993952,1,0,0,0,1523.72237
579.19395,1,0,0,0,1523.72218
579.393948,1,0,0,0,1523.72425
579.593946,1,0,0,0,1523.72425
579.793944,1,0,0,0,1523.72595
579.993942,1,0,0,0,1523.72237
580.19394,1,0,0,0,1523.72426
580.393938,1,0,0,0,1523.72407
580.593936,1,0,0,0,1523.72426
580.793933,1,0,0,0,1523.72275
580.993931,1,0,0,0,1523.72237
581.193929,1,0,0,0,1523.72275
581.393927,1,0,0,0,1523.72426
581.593925,1,0,0,0,1523.72633
581.793923,1,0,0,0,1523.72407
581.993921,1,0,0,0,1523.72407
582.193919,1,0,0,0,1523.72596
582.393917,1,0,0,0,1523.72615
582.593915,1,0,0,0,1523.72275
582.793913,1,0,0,0,1523.72445
582.993911,1,0,0,0,1523.72407
583.193908,1,0,0,0,1523.72407
583.393906,1,0,0,0,1523.72407
583.593904,1,0,0,0,1523.72426
583.793902,1,0,0,0,1523.72596
583.993901,1,0,0,0,1523.72614
584.193898,1,0,0,0,1523.72426
584.393896,1,0,0,0,1523.72426
584.593894,1,0,0,0,1523.72445
584.793892,1,0,0,0,1523.72596
584.99389,1,0,0,0,1523.72596
585.193888,1,0,0,0,1523.72426
585.393886,1,0,0,0,1523.72426
585.593884,1,0,0,0,1523.72614
585.793881,1,0,0,0,1523.72614
585.993879,1,0,0,0,1523.72614
586.193877,1,0,0,0,1523.72765
586.393875,1,0,0,0,1523.72614
586.593873,1,0,0,0,1523.72426
586.793871,1,0,0,0,1523.72765
586.993869,1,0,0,0,1523.72596
587.193867,1,0,0,0,1523.72803
587.393865,1,0,0,0,1523.72765
587.593863,1,0,0,0,1523.72407
587.79386,1,0,0,0,1523.72577
587.993859,1,0,0,0,1523.72445
588.193856,1,0,0,0,1523.72596
588.393854,1,0,0,0,1523.72407
588.593852,1,0,0,0,1523.72577
588.79385,1,0,0,0,1523.72426
588.993848,1,0,0,0,1523.72765
589.193846,1,0,0,0,1523.72444
589.393844,1,0,0,0,1523.72765
589.593842,1,0,0,0,1523.72614
589.79384,1,0,0,0,1523.72614
589.993838,1,0,0,0,1523.72596
590.193835,1,0,0,0,1523.72596
590.393833,1,0,0,0,1523.72765
590.593831,1,0,0,0,1523.72614
590.793829,1,0,0,0,1523.72614
590.993827,1,0,0,0,1523.72803
591.193825,1,0,0,0,1523.72444
591.393823,1,0,0,0,1523.72633
591.593821,1,0,0,0,1523.72633
591.793819,1,0,0,0,1523.72765
591.993817,1,0,0,0,1523.72954
592.193815,1,0,0,0,1523.72614
592.393812,1,0,0,0,1523.72765
592.593811,1,0,0,0,1523.72633
592.793808,1,0,0,0,1523.72595
592.993806,1,0,0,0,1523.72765
593.193804,1,0,0,0,1523.72614
593.393802,1,0,0,0,1523.73143
593.5938,1,0,0,0,1523.72765
593.793798,1,0,0,0,1523.72614
593.993796,1,0,0,0,1523.72614
594.193794,1,0,0,0,1523.72633
594.393792,1,0,0,0,1523.72614
594.59379,1,0,0,0,1523.72614
594.793788,1,0,0,0,1523.72803
594.993785,1,0,0,0,1523.72633
595.193784,1,0,0,0,1523.72614
595.393781,1,0,0,0,1523.72803
595.593779,1,0,0,0,1523.72614
595.793777,1,0,0,0,1523.72577
595.993775,1,0,0,0,1523.72407
596.193773,1,0,0,0,1523.72426
596.393771,1,0,0,0,1523.72633
596.593769,1,0,0,0,1523.72426
596.793767,1,0,0,0,1523.72426
596.993765,1,0,0,0,1523.72614
597.193763,1,0,0,0,1523.72445
597.39376,1,0,0,0,1523.72803
597.593758,1,0,0,0,1523.72766
597.793756,1,0,0,0,1523.72803
597.993754,1,0,0,0,1523.72615
598.193752,1,0,0,0,1523.72615
598.39375,1,0,0,0,1523.72407
598.593748,1,0,0,0,1523.72615
598.793746,1,0,0,0,1523.72766
598.993744,1,0,0,0,1523.72954
599.193742,1,0,0,0,1523.72803
599.39374,1,0,0,0,1523.72463
599.593738,1,0,0,0,1523.72765
599.793736,1,0,0,0,1523.72445
599.993733,1,0,0,0,1523.72426
600.193731,1,0,0,0,1523.72596
600.393729,1,0,0,0,1523.72614
600.593727,1,0,0,0,1523.72614
600.793725,1,0,0,0,1523.72803
600.993723,1,0,0,0,1523.72803
601.193721,1,0,0,0,1523.72633
601.393719,1,0,0,0,1523.72803
601.593717,1,0,0,0,1523.72765
601.793715,1,0,0,0,1523.72614
601.993712,1,0,0,0,1523.72596
602.193711,1,0,0,0,1523.72596
602.393708,1,0,0,0,1523.72445
602.593706,1,0,0,0,1523.72935
602.793704,1,0,0,0,1523.72803
602.993702,1,0,0,0,1523.72954
603.1937,1,0,0,0,1523.72596
603.393698,1,0,0,0,1523.72973
603.593696,1,0,0,0,1523.72765
603.793694,1,0,0,0,1523.72803
603.993692,1,0,0,0,1523.72803
604.19369,1,0,0,0,1523.72615
604.393687,1,0,0,0,1523.72747
604.593685,1,0,0,0,1523.72615
604.793683,1,0,0,0,1523.72615
604.993681,1,0,0,0,1523.72766
605.193679,1,0,0,0,1523.72935
605.393677,1,0,0,0,1523.72766
605.593675,1,0,0,0,1523.72935
605.793673,1,0,0,0,1523.72426
605.993671,1,0,0,0,1523.72596
606.193669,1,0,0,0,1523.72803
606.393667,1,0,0,0,1523.72822
606.593665,1,0,0,0,1523.72747
606.793663,1,0,0,0,1523.73162
606.99366,1,0,0,0,1523.72633
607.193658,1,0,0,0,1523.72954
607.393656,1,0,0,0,1523.72803
607.593654,1,0,0,0,1523.72954
607.793652,1,0,0,0,1523.72973
607.99365,1,0,0,0,1523.72803
608.193648,1,0,0,0,1523.72954
608.393646,1,0,0,0,1523.72803
608.593644,1,0,0,0,1523.72954
608.793642,1,0,0,0,1523.72954
608.993639,1,0,0,0,1523.72615
609.193637,1,0,0,0,1523.72766
609.393635,1,0,0,0,1523.72596
609.593633,1,0,0,0,1523.72803
609.793631,1,0,0,0,1523.72634
609.993629,1,0,0,0,1523.72766
610.193627,1,0,0,0,1523.72634
610.393625,1,0,0,0,1523.72615
610.593623,1,0,0,0,1523.72935
610.793621,1,0,0,0,1523.72766
610.993619,1,0,0,0,1523.72822
611.193617,1,0,0,0,1523.72803
611.393615,1,0,0,0,1523.72803
611.593612,1,0,0,0,1523.72803
611.79361,1,0,0,0,1523.72803
